PRAGMA foreign_keys=OFF;
BEGIN TRANSACTION;
CREATE TABLE entity_types (
                                        id integer PRIMARY KEY AUTOINCREMENT,
                                        entity_type_name text NOT NULL
                                    );
INSERT INTO entity_types VALUES(1,'Lang');
INSERT INTO entity_types VALUES(2,'Lib');
INSERT INTO entity_types VALUES(3,'App Server');
INSERT INTO entity_types VALUES(4,'Runtime');
INSERT INTO entity_types VALUES(5,'App');
INSERT INTO entity_types VALUES(6,'OS');
CREATE TABLE entities (
                                        id integer PRIMARY KEY AUTOINCREMENT,
                                        entity_name text NOT NULL,
                                        entity_type_id integer NOT NULL,
                                        external_link text,
                                        FOREIGN KEY (entity_type_id) REFERENCES entity_types (id)
                                    );
INSERT INTO entities VALUES(1,'Ansible',5,'{''name'': ''Ansible (software)'', ''qid'': ''Q2852503'', ''url'': ''http://dbpedia.org/resource/Ansible_(software)'', ''score'': 77.26617}');
INSERT INTO entities VALUES(2,'Apache ActiveMQ',5,'{''name'': ''Apache ActiveMQ'', ''qid'': ''Q773135'', ''url'': ''http://dbpedia.org/resource/Apache_ActiveMQ'', ''score'': 85.94157}');
INSERT INTO entities VALUES(3,'Apache Hive',5,'{''name'': ''Apache Hive'', ''qid'': ''Q4778914'', ''url'': ''http://dbpedia.org/resource/Apache_Hive'', ''score'': 90.375}');
INSERT INTO entities VALUES(4,'Apache Kafka',5,'{''name'': ''Apache Kafka'', ''qid'': ''Q16235208'', ''url'': ''http://dbpedia.org/resource/Apache_Kafka'', ''score'': 84.88418}');
INSERT INTO entities VALUES(5,'Apache Solr',5,'{''name'': ''Apache Solr'', ''qid'': ''Q2858103'', ''url'': ''http://dbpedia.org/resource/Apache_Solr'', ''score'': 87.29113}');
INSERT INTO entities VALUES(6,'DB2',5,'{''name'': ''IBM Db2 Family'', ''qid'': ''Q431195'', ''url'': ''http://dbpedia.org/resource/IBM_DB2'', ''score'': 73.551186}');
INSERT INTO entities VALUES(7,'Hadoop',5,'{''name'': ''Apache Hadoop'', ''qid'': ''Q29120'', ''url'': ''http://dbpedia.org/resource/Apache_Hadoop'', ''score'': 77.84481}');
INSERT INTO entities VALUES(8,'IBM Maximo',5,'{''name'': ''Maximo (software)'', ''qid'': ''Q55622518'', ''url'': ''http://dbpedia.org/resource/Maximo_(MRO)'', ''score'': 83.43599}');
INSERT INTO entities VALUES(9,'IBM Operational Decision Manager (ODM)',5,'{''name'': ''IBM Operational Decision Management'', ''qid'': ''Q16928000'', ''url'': ''http://dbpedia.org/resource/IBM_Operational_Decision_Management'', ''score'': 87.94684}');
INSERT INTO entities VALUES(10,'IBM Websphere MQ',5,'{''name'': ''IBM MQ'', ''qid'': ''Q528294'', ''url'': ''http://dbpedia.org/resource/IBM_WebSphere_MQ'', ''score'': 88.64542}');
INSERT INTO entities VALUES(11,'IBM WebSphere Transformation Extender (WTX)',5,'{}');
INSERT INTO entities VALUES(12,'Ingres',5,'{''name'': ''Ingres (database)'', ''qid'': ''Q60463'', ''url'': ''http://dbpedia.org/resource/Ingres_(database)'', ''score'': 72.62048}');
INSERT INTO entities VALUES(13,'Jenkins',5,'{''name'': ''Jenkins (software)'', ''qid'': ''Q7491312'', ''url'': ''http://dbpedia.org/resource/Jenkins_(software)'', ''score'': 74.07754}');
INSERT INTO entities VALUES(14,'MarkLogic DB',5,'{''name'': ''MarkLogic'', ''qid'': ''Q6766381'', ''url'': ''http://dbpedia.org/resource/MarkLogic'', ''score'': 81.11806}');
INSERT INTO entities VALUES(15,'Memcached',5,'{''name'': ''Memcached'', ''qid'': ''Q306661'', ''url'': ''http://dbpedia.org/resource/Memcached'', ''score'': 84.46236}');
INSERT INTO entities VALUES(16,'MongoDB',5,'{''name'': ''MongoDB'', ''qid'': ''Q1165204'', ''url'': ''http://dbpedia.org/resource/MongoDB'', ''score'': 81.4232}');
INSERT INTO entities VALUES(17,'MS SQL Server',5,'{''name'': ''Microsoft SQL Server'', ''qid'': ''Q215819'', ''url'': ''http://dbpedia.org/resource/Microsoft_SQL_Server'', ''score'': 93.49921}');
INSERT INTO entities VALUES(18,'MySQL',5,'{''name'': ''MySQL'', ''qid'': ''Q850'', ''url'': ''http://dbpedia.org/resource/MySQL'', ''score'': 88.06579}');
INSERT INTO entities VALUES(19,'Nexus Repository OSS',5,'{}');
INSERT INTO entities VALUES(20,'OpenLDAP',5,'{''name'': ''OpenLDAP'', ''qid'': ''Q682918'', ''url'': ''http://dbpedia.org/resource/OpenLDAP'', ''score'': 84.2534}');
INSERT INTO entities VALUES(21,'PostgreSQL',5,'{''name'': ''PostgreSQL'', ''qid'': ''Q192490'', ''url'': ''http://dbpedia.org/resource/PostgreSQL'', ''score'': 91.65924}');
INSERT INTO entities VALUES(22,'RabbitMQ',5,'{''name'': ''RabbitMQ'', ''qid'': ''Q2081413'', ''url'': ''http://dbpedia.org/resource/RabbitMQ'', ''score'': 85.88499}');
INSERT INTO entities VALUES(23,'Redis',5,'{''name'': ''Redis'', ''qid'': ''Q2136322'', ''url'': ''http://dbpedia.org/resource/Redis'', ''score'': 77.67367}');
INSERT INTO entities VALUES(24,'Splunk',5,'{''name'': ''Splunk'', ''qid'': ''Q1835753'', ''url'': ''http://dbpedia.org/resource/Splunk'', ''score'': 77.96043}');
INSERT INTO entities VALUES(25,'VMware Tools',5,'{}');
INSERT INTO entities VALUES(26,'Wherescape Red',5,'{}');
INSERT INTO entities VALUES(27,'Apache HTTP Server',3,'{''name'': ''Apache HTTP Server'', ''qid'': ''Q11354'', ''url'': ''http://dbpedia.org/resource/Apache_HTTP_Server'', ''score'': 98.49474}');
INSERT INTO entities VALUES(28,'Apache Tomcat',3,'{''name'': ''Apache Tomcat'', ''qid'': ''Q507430'', ''url'': ''http://dbpedia.org/resource/Apache_Tomcat'', ''score'': 90.17833}');
INSERT INTO entities VALUES(29,'HAProxy',3,'{''name'': ''HAProxy'', ''qid'': ''Q5628948'', ''url'': ''http://dbpedia.org/resource/HAProxy'', ''score'': 84.70727}');
INSERT INTO entities VALUES(30,'Nginx',3,'{''name'': ''Nginx'', ''qid'': ''Q306144'', ''url'': ''http://dbpedia.org/resource/Nginx'', ''score'': 81.27728}');
INSERT INTO entities VALUES(31,'Spark',3,'{''name'': ''Spark (software)'', ''qid'': ''Q20712258'', ''url'': ''http://dbpedia.org/resource/Spark_(software)'', ''score'': 74.56821}');
INSERT INTO entities VALUES(32,'Websphere Application Server (WAS)',3,'{''name'': ''IBM WebSphere Application Server'', ''qid'': ''Q81612'', ''url'': ''http://dbpedia.org/resource/IBM_WebSphere_Application_Server'', ''score'': 99.852844}');
INSERT INTO entities VALUES(33,'WebSphere Liberty',3,'{''name'': '''', ''qid'': ''Q2536917'', ''url'': ''https://www.wikidata.org/wiki/Q2536917'', ''score'': 1}');
INSERT INTO entities VALUES(34,'C++',1,'{''name'': ''C++'', ''qid'': ''Q2407'', ''url'': ''http://dbpedia.org/resource/C++'', ''score'': 94.071884}');
INSERT INTO entities VALUES(35,'C++|Visual C++',1,'{''name'': ''Microsoft Visual C++'', ''qid'': ''Q847296'', ''url'': ''http://dbpedia.org/resource/Visual_C++'', ''score'': 91.891716}');
INSERT INTO entities VALUES(36,'Go',1,'{''name'': ''Go (programming language)'', ''qid'': ''Q37227'', ''url'': ''http://dbpedia.org/resource/Go_(programming_language)'', ''score'': 69.91117}');
INSERT INTO entities VALUES(37,'Java',1,'{''name'': ''Java (programming language)'', ''qid'': ''Q251'', ''url'': ''http://dbpedia.org/resource/Java_(programming_language)'', ''score'': 79.89808}');
INSERT INTO entities VALUES(38,'Java|Extensible Stylesheet Language (XSL)',1,'{''name'': ''XSL'', ''qid'': ''Q32061'', ''url'': ''http://dbpedia.org/resource/XSL'', ''score'': 84.38181}');
INSERT INTO entities VALUES(39,'Java|Java Enterprise Edition (Java EE)',1,'{''name'': ''Java Platform, Enterprise Edition'', ''qid'': ''Q193247'', ''url'': ''http://dbpedia.org/resource/Java_Platform,_Enterprise_Edition'', ''score'': 90.45586}');
INSERT INTO entities VALUES(40,'Java|Java Standard Edition (Java SE)',1,'{''name'': ''Java Platform, Standard Edition'', ''qid'': ''Q747478'', ''url'': ''http://dbpedia.org/resource/Java_Platform,_Standard_Edition'', ''score'': 94.27556}');
INSERT INTO entities VALUES(41,'Java|JavaServer Pages (JSP)',1,'{''name'': ''JavaServer Pages'', ''qid'': ''Q183169'', ''url'': ''http://dbpedia.org/resource/JavaServer_Pages'', ''score'': 93.30025}');
INSERT INTO entities VALUES(42,'Java|JavaServer Pages (JSP)|Scriptlets',1,'{''name'': ''Scriptlet'', ''qid'': ''Q3476475'', ''url'': ''http://dbpedia.org/resource/Scriptlet'', ''score'': 82.499466}');
INSERT INTO entities VALUES(43,'JavaScript',1,'{''name'': ''JavaScript'', ''qid'': ''Q2005'', ''url'': ''http://dbpedia.org/resource/JavaScript'', ''score'': 90.26582}');
INSERT INTO entities VALUES(44,'Objective C',1,'{''name'': ''Objective-C'', ''qid'': ''Q188531'', ''url'': ''http://dbpedia.org/resource/Objective-C'', ''score'': 87.09797}');
INSERT INTO entities VALUES(45,'Perl',1,'{''name'': ''Perl'', ''qid'': ''Q42478'', ''url'': ''http://dbpedia.org/resource/Perl'', ''score'': 83.91945}');
INSERT INTO entities VALUES(46,'Perl|ActivePerl',1,'{''name'': ''ActivePerl'', ''qid'': ''Q4033363'', ''url'': ''http://dbpedia.org/resource/ActivePerl'', ''score'': 86.86302}');
INSERT INTO entities VALUES(47,'Perl|Rex',1,'{''name'': ''Perl'', ''qid'': ''Q42478'', ''url'': ''http://dbpedia.org/resource/Perl'', ''score'': 70.71896}');
INSERT INTO entities VALUES(48,'PHP',1,'{''name'': ''PHP'', ''qid'': ''Q59'', ''url'': ''http://dbpedia.org/resource/PHP'', ''score'': 79.6544}');
INSERT INTO entities VALUES(49,'Python',1,'{''name'': ''Python (programming language)'', ''qid'': ''Q28865'', ''url'': ''http://dbpedia.org/resource/Python_(programming_language)'', ''score'': 81.85095}');
INSERT INTO entities VALUES(50,'Ruby',1,'{''name'': ''Ruby (programming language)'', ''qid'': ''Q161053'', ''url'': ''http://dbpedia.org/resource/Ruby_(programming_language)'', ''score'': 75.47555}');
INSERT INTO entities VALUES(51,'SAS',1,'{''name'': ''SAS (software)'', ''qid'': ''Q2003932'', ''url'': ''http://dbpedia.org/resource/SAS_(software)'', ''score'': 72.82735}');
INSERT INTO entities VALUES(52,'Swift',1,'{''name'': ''Swift (programming language)'', ''qid'': ''Q17118377'', ''url'': ''http://dbpedia.org/resource/Swift_(programming_language)'', ''score'': 74.785904}');
INSERT INTO entities VALUES(53,'Java|Apache Camel',2,'{''name'': ''Apache Camel'', ''qid'': ''Q616626'', ''url'': ''http://dbpedia.org/resource/Apache_Camel'', ''score'': 85.10223}');
INSERT INTO entities VALUES(54,'Java|Apache Commons BeanUtils',2,'{''name'': '''', ''qid'': ''Q28916245'', ''url'': ''https://www.wikidata.org/wiki/Q28916245'', ''score'': 1}');
INSERT INTO entities VALUES(55,'Java|Apache PDFBox',2,'{''name'': ''Apache PDFBox'', ''qid'': ''Q17512395'', ''url'': ''http://dbpedia.org/resource/Apache_PDFBox'', ''score'': 87.8873}');
INSERT INTO entities VALUES(56,'Java|Apache Velocity',2,'{''name'': ''Apache Velocity'', ''qid'': ''Q617156'', ''url'': ''http://dbpedia.org/resource/Apache_Velocity'', ''score'': 84.993546}');
INSERT INTO entities VALUES(57,'Java|EclipseLink',2,'{''name'': ''EclipseLink'', ''qid'': ''Q897058'', ''url'': ''http://dbpedia.org/resource/EclipseLink'', ''score'': 81.70853}');
INSERT INTO entities VALUES(58,'Java|Enterprise JavaBeans (EJB)',2,'{''name'': ''Enterprise JavaBeans'', ''qid'': ''Q742961'', ''url'': ''http://dbpedia.org/resource/Enterprise_JavaBeans'', ''score'': 86.81075}');
INSERT INTO entities VALUES(59,'Java|EZMorph',2,'{}');
INSERT INTO entities VALUES(60,'Java|Google Web Toolkit (GWT)',2,'{''name'': ''Google Web Toolkit'', ''qid'': ''Q79578'', ''url'': ''http://dbpedia.org/resource/Google_Web_Toolkit'', ''score'': 92.55876}');
INSERT INTO entities VALUES(61,'Java|Hibernate',2,'{''name'': ''Hibernate (framework)'', ''qid'': ''Q747866'', ''url'': ''http://dbpedia.org/resource/Hibernate_(framework)'', ''score'': 70.52492}');
INSERT INTO entities VALUES(62,'Java|IBM SDK',2,'{}');
INSERT INTO entities VALUES(63,'Java|Java Development Kit (JDK)',2,'{''name'': ''Java Development Kit'', ''qid'': ''Q741303'', ''url'': ''http://dbpedia.org/resource/Java_Development_Kit'', ''score'': 89.5097}');
INSERT INTO entities VALUES(64,'Java|Java Message Service (JMS)',2,'{''name'': ''Java Message Service'', ''qid'': ''Q755515'', ''url'': ''http://dbpedia.org/resource/Java_Message_Service'', ''score'': 86.615456}');
INSERT INTO entities VALUES(65,'Java|Java Web Start',2,'{''name'': ''Java Web Start'', ''qid'': ''Q33079'', ''url'': ''http://dbpedia.org/resource/Java_Web_Start'', ''score'': 86.652725}');
INSERT INTO entities VALUES(66,'Java|JavaServer Faces (JSF)',2,'{''name'': ''JavaServer Faces'', ''qid'': ''Q729427'', ''url'': ''http://dbpedia.org/resource/JavaServer_Faces'', ''score'': 91.75972}');
INSERT INTO entities VALUES(67,'Java|JDBC',2,'{''name'': ''Java Database Connectivity'', ''qid'': ''Q722772'', ''url'': ''http://dbpedia.org/resource/Java_Database_Connectivity'', ''score'': 82.16121}');
INSERT INTO entities VALUES(68,'Java|JRuby Core',2,'{''name'': ''JRuby'', ''qid'': ''Q605718'', ''url'': ''http://dbpedia.org/resource/JRuby'', ''score'': 76.30373}');
INSERT INTO entities VALUES(69,'Java|Log4j',2,'{''name'': ''Log4j'', ''qid'': ''Q286923'', ''url'': ''http://dbpedia.org/resource/Log4j'', ''score'': 79.63368}');
INSERT INTO entities VALUES(70,'Java|Quartz',2,'{''name'': ''Quartz (scheduler)'', ''qid'': ''Q2122405'', ''url'': ''http://dbpedia.org/resource/Quartz_(scheduler)'', ''score'': 70.35447}');
INSERT INTO entities VALUES(71,'Java|Remote Method Invocation (RMI)',2,'{''name'': ''Java remote method invocation'', ''qid'': ''Q61902'', ''url'': ''http://dbpedia.org/resource/Java_remote_method_invocation'', ''score'': 79.819565}');
INSERT INTO entities VALUES(72,'Java|Servlet',2,'{''name'': ''Free software'', ''qid'': ''Q341'', ''url'': ''http://dbpedia.org/resource/Free_software'', ''score'': 71.97795}');
INSERT INTO entities VALUES(73,'Java|Spring',2,'{''name'': '''', ''qid'': ''Q720314'', ''url'': ''https://www.wikidata.org/wiki/Q720314'', ''score'': 1}');
INSERT INTO entities VALUES(74,'Java|Spring|Spring Boot',2,'{''name'': '''', ''qid'': ''Q98731994'', ''url'': ''https://www.wikidata.org/wiki/Q98731994'', ''score'': 1}');
INSERT INTO entities VALUES(75,'Java|Spring|Spring Cloud Data Flow',2,'{}');
INSERT INTO entities VALUES(76,'Java|Spring|Spring MVC',2,'{}');
INSERT INTO entities VALUES(77,'Java|Struts',2,'{''name'': '''', ''qid'': ''Q900957'', ''url'': ''https://www.wikidata.org/wiki/Q900957'', ''score'': 1}');
INSERT INTO entities VALUES(78,'Java|Swing',2,'{''name'': ''Swing (Java)'', ''qid'': ''Q859221'', ''url'': ''http://dbpedia.org/resource/Swing_(Java)'', ''score'': 71.52377}');
INSERT INTO entities VALUES(79,'Java|Vaadin',2,'{''name'': ''Vaadin'', ''qid'': ''Q1400683'', ''url'': ''http://dbpedia.org/resource/Vaadin'', ''score'': 74.48525}');
INSERT INTO entities VALUES(80,'JavaScript|AJAX',2,'{''name'': ''Ajax (programming)'', ''qid'': ''Q134471'', ''url'': ''http://dbpedia.org/resource/Ajax_(programming)'', ''score'': 77.13025}');
INSERT INTO entities VALUES(81,'JavaScript|AngularJS',2,'{''name'': ''AngularJS'', ''qid'': ''Q2849803'', ''url'': ''http://dbpedia.org/resource/AngularJS'', ''score'': 84.20471}');
INSERT INTO entities VALUES(82,'JavaScript|Draw2D',2,'{}');
INSERT INTO entities VALUES(83,'JavaScript|Express.js',2,'{''name'': ''Express.js'', ''qid'': ''Q16878131'', ''url'': ''http://dbpedia.org/resource/Express.js'', ''score'': 92.70338}');
INSERT INTO entities VALUES(84,'JavaScript|Ext JS',2,'{''name'': ''Ext JS'', ''qid'': ''Q515393'', ''url'': ''http://dbpedia.org/resource/Ext_JS'', ''score'': 85.973236}');
INSERT INTO entities VALUES(85,'JavaScript|jqGrid',2,'{}');
INSERT INTO entities VALUES(86,'JavaScript|JQuery',2,'{''name'': ''JQuery'', ''qid'': ''Q230036'', ''url'': ''http://dbpedia.org/resource/JQuery'', ''score'': 83.02721}');
INSERT INTO entities VALUES(87,'JavaScript|Jquery|jQuery UI',2,'{''name'': ''JQuery UI'', ''qid'': ''Q285960'', ''url'': ''http://dbpedia.org/resource/JQuery_UI'', ''score'': 85.694756}');
INSERT INTO entities VALUES(88,'JavaScript|React',2,'{''name'': ''React (JavaScript library)'', ''qid'': ''Q19399674'', ''url'': ''http://dbpedia.org/resource/React_(JavaScript_library)'', ''score'': 72.33107}');
INSERT INTO entities VALUES(89,'JavaScript|script.aculo.us',2,'{''name'': ''Script.aculo.us'', ''qid'': ''Q309509'', ''url'': ''http://dbpedia.org/resource/Script.aculo.us'', ''score'': 82.4815}');
INSERT INTO entities VALUES(90,'JavaScript|Valums AJAX File Uploader',2,'{}');
INSERT INTO entities VALUES(91,'OWASP Enterprise Security API (ESAPI)',2,'{}');
INSERT INTO entities VALUES(92,'Perl|Oraperl',2,'{}');
INSERT INTO entities VALUES(93,'Linux|Red Hat Enterprise Linux',6,'{''name'': ''Red Hat Enterprise Linux'', ''qid'': ''Q215273'', ''url'': ''http://dbpedia.org/resource/Red_Hat_Enterprise_Linux'', ''score'': 88.70615}');
INSERT INTO entities VALUES(94,'Java Runtime Environment (JRE)',4,'{''name'': '''', ''qid'': ''Q1504505'', ''url'': ''https://www.wikidata.org/wiki/Q1504505'', ''score'': 1}');
INSERT INTO entities VALUES(95,'Node.js',4,'{''name'': ''Node.js'', ''qid'': ''Q756100'', ''url'': ''http://dbpedia.org/resource/Node.js'', ''score'': 97.118774}');
INSERT INTO entities VALUES(96,'Linux|*',6,'{}');
INSERT INTO entities VALUES(97,'MS SQL Server|*',6,'{}');
INSERT INTO entities VALUES(98,'C#|*',1,'{}');
INSERT INTO entities VALUES(99,'C++|*',1,'{}');
INSERT INTO entities VALUES(100,'Java|*',1,'{}');
INSERT INTO entities VALUES(101,'Perl|*',1,'{}');
INSERT INTO entities VALUES(102,'PHP|*',1,'{}');
INSERT INTO entities VALUES(103,'Python|*',1,'{}');
INSERT INTO entities VALUES(104,'Ruby|*',1,'{}');
INSERT INTO entities VALUES(105,'JavaScript|*',1,'{}');
CREATE TABLE entity_mentions (
                                        id integer PRIMARY KEY AUTOINCREMENT,
                                        entity_mention_name text NOT NULL,
                                        entity_type_id integer NOT NULL,
                                        entity_id integer NOT NULL,
                                        FOREIGN KEY (entity_type_id) REFERENCES entity_types (id),
                                        FOREIGN KEY (entity_id) REFERENCES entities (id)                                        
                                    );
INSERT INTO entity_mentions VALUES(1,'ansible',5,1);
INSERT INTO entity_mentions VALUES(2,'Apache ActiveMQ',5,2);
INSERT INTO entity_mentions VALUES(3,'Apache Active Queue',5,2);
INSERT INTO entity_mentions VALUES(4,'MQ Apache Active Queue',5,2);
INSERT INTO entity_mentions VALUES(5,'Hive',5,3);
INSERT INTO entity_mentions VALUES(6,'Apache Hive',5,3);
INSERT INTO entity_mentions VALUES(7,'Apache',3,27);
INSERT INTO entity_mentions VALUES(8,'Apache 2.4',3,27);
INSERT INTO entity_mentions VALUES(9,'Apache 2.4 - 32 bit',3,27);
INSERT INTO entity_mentions VALUES(10,'Apache 3',3,27);
INSERT INTO entity_mentions VALUES(11,'Apache HTTP Server',3,27);
INSERT INTO entity_mentions VALUES(12,'Apache HTTP Server 2.0',3,27);
INSERT INTO entity_mentions VALUES(13,'Apache HTTP Server 2.0 (Linux)',3,27);
INSERT INTO entity_mentions VALUES(14,'Apache HTTP Server 2.0 (Solaris)',3,27);
INSERT INTO entity_mentions VALUES(15,'Apache HTTP Server 2.2',3,27);
INSERT INTO entity_mentions VALUES(16,'Apache HTTP Server 2.2 (Linux)',3,27);
INSERT INTO entity_mentions VALUES(17,'Apache HTTP Server 2.4',3,27);
INSERT INTO entity_mentions VALUES(18,'Apache HTTP Server 2.4 (Linux)',3,27);
INSERT INTO entity_mentions VALUES(19,'APACHE HTTP SERVER VERSION 1.3',3,27);
INSERT INTO entity_mentions VALUES(20,'APACHE HTTP SERVER VERSION 2.2.13',3,27);
INSERT INTO entity_mentions VALUES(21,'Apache Instance',3,27);
INSERT INTO entity_mentions VALUES(22,'Apache Web Server',3,27);
INSERT INTO entity_mentions VALUES(23,'APACHE WEB SERVER VERSION 1.3.27',3,27);
INSERT INTO entity_mentions VALUES(24,'Apache WebServer',3,27);
INSERT INTO entity_mentions VALUES(25,'TS-Apache HTTP Server 2.4',3,27);
INSERT INTO entity_mentions VALUES(26,'kafka',5,4);
INSERT INTO entity_mentions VALUES(27,'Apache Kafka',5,4);
INSERT INTO entity_mentions VALUES(28,'solr',5,5);
INSERT INTO entity_mentions VALUES(29,'Apache Solr',5,5);
INSERT INTO entity_mentions VALUES(30,'Apache Software Foundation - Apache Tomcat 7',3,28);
INSERT INTO entity_mentions VALUES(31,'Apache Software Foundation - Apache Tomcat 8',3,28);
INSERT INTO entity_mentions VALUES(32,'Apache Software Foundation - Apache Tomcat 8.5',3,28);
INSERT INTO entity_mentions VALUES(33,'Apache Software Foundation - Apache Tomcat 9',3,28);
INSERT INTO entity_mentions VALUES(34,'Apache Tomcat 1',3,28);
INSERT INTO entity_mentions VALUES(35,'Apache Tomcat 3',3,28);
INSERT INTO entity_mentions VALUES(36,'Apache Tomcat 3 (Linux)',3,28);
INSERT INTO entity_mentions VALUES(37,'Apache Tomcat 5',3,28);
INSERT INTO entity_mentions VALUES(38,'Apache Tomcat 6',3,28);
INSERT INTO entity_mentions VALUES(39,'Apache Tomcat 6 (Linux)',3,28);
INSERT INTO entity_mentions VALUES(40,'Apache Tomcat 7',3,28);
INSERT INTO entity_mentions VALUES(41,'Apache Tomcat 8',3,28);
INSERT INTO entity_mentions VALUES(42,'Apache Tomcat 8 (Linux)',3,28);
INSERT INTO entity_mentions VALUES(43,'Apache Tomcat 8.5.15',3,28);
INSERT INTO entity_mentions VALUES(44,'Apache Tomcat 9',3,28);
INSERT INTO entity_mentions VALUES(45,'Apache tomcat 9.0.12',3,28);
INSERT INTO entity_mentions VALUES(46,'APACHE TOMCAT VERSION 6',3,28);
INSERT INTO entity_mentions VALUES(47,'APACHE TOMCAT VERSION 6.0',3,28);
INSERT INTO entity_mentions VALUES(48,'APACHE TOMCAT VERSION 7',3,28);
INSERT INTO entity_mentions VALUES(49,'tomcat',3,28);
INSERT INTO entity_mentions VALUES(50,'Tomcat 3',3,28);
INSERT INTO entity_mentions VALUES(51,'Tomcat 3/4/5/6/7',3,28);
INSERT INTO entity_mentions VALUES(52,'Tomcat 4',3,28);
INSERT INTO entity_mentions VALUES(53,'Tomcat 5',3,28);
INSERT INTO entity_mentions VALUES(54,'Tomcat 6',3,28);
INSERT INTO entity_mentions VALUES(55,'Tomcat 7',3,28);
INSERT INTO entity_mentions VALUES(56,'Tomcat 7.0',3,28);
INSERT INTO entity_mentions VALUES(57,'Tomcat 8',3,28);
INSERT INTO entity_mentions VALUES(58,'Tomcat 8.0.33',3,28);
INSERT INTO entity_mentions VALUES(59,'Tomcat 8/9',3,28);
INSERT INTO entity_mentions VALUES(60,'Tomcat 9',3,28);
INSERT INTO entity_mentions VALUES(61,'Apache Tomcat',3,28);
INSERT INTO entity_mentions VALUES(62,'C+',1,34);
INSERT INTO entity_mentions VALUES(63,'C++',1,34);
INSERT INTO entity_mentions VALUES(64,'Microsoft - Microsoft Visual C++ 2008 Redistributable (x64) 9',1,35);
INSERT INTO entity_mentions VALUES(65,'Visual C++ 2008',1,35);
INSERT INTO entity_mentions VALUES(66,'vc++',1,35);
INSERT INTO entity_mentions VALUES(67,'vc',1,35);
INSERT INTO entity_mentions VALUES(68,'Microsoft Visual C++',1,35);
INSERT INTO entity_mentions VALUES(69,'Visual C++',1,35);
INSERT INTO entity_mentions VALUES(70,'MSVC',1,35);
INSERT INTO entity_mentions VALUES(71,'DB2',5,6);
INSERT INTO entity_mentions VALUES(72,'DB2/UDB',5,6);
INSERT INTO entity_mentions VALUES(73,'DB2-UDB',5,6);
INSERT INTO entity_mentions VALUES(74,'DB2 UDB',5,6);
INSERT INTO entity_mentions VALUES(75,'UDB',5,6);
INSERT INTO entity_mentions VALUES(76,'DB2 10.5',5,6);
INSERT INTO entity_mentions VALUES(77,'DB2 11.1',5,6);
INSERT INTO entity_mentions VALUES(78,'DB2 9.1',5,6);
INSERT INTO entity_mentions VALUES(79,'DB2 9.7',5,6);
INSERT INTO entity_mentions VALUES(80,'DB2 ESE 10.1',5,6);
INSERT INTO entity_mentions VALUES(81,'DB2 ESE 10.5',5,6);
INSERT INTO entity_mentions VALUES(82,'DB2 UDB',5,6);
INSERT INTO entity_mentions VALUES(83,'DB2 V9',5,6);
INSERT INTO entity_mentions VALUES(84,'DB2/400',5,6);
INSERT INTO entity_mentions VALUES(85,'DB2 for i',5,6);
INSERT INTO entity_mentions VALUES(86,'IBM - IBM DB2 Advanced Enterprise Server Edition OEM Limited Use 11.1',5,6);
INSERT INTO entity_mentions VALUES(87,'IBM - IBM DB2 Advanced Enterprise Server Edition PVU Option 10.5',5,6);
INSERT INTO entity_mentions VALUES(88,'IBM - IBM DB2 Advanced Workgroup Server Edition OEM Limited Use 11.1',5,6);
INSERT INTO entity_mentions VALUES(89,'IBM - IBM DB2 Enterprise Server Edition - CPU Option 10.1',5,6);
INSERT INTO entity_mentions VALUES(90,'IBM - IBM DB2 Enterprise Server Edition - CPU Option 9.7',5,6);
INSERT INTO entity_mentions VALUES(91,'IBM - IBM DB2 Enterprise Server Edition OEM Limited Use 10.5',5,6);
INSERT INTO entity_mentions VALUES(92,'IBM - IBM DB2 Enterprise Server Edition Product Trial 9.7',5,6);
INSERT INTO entity_mentions VALUES(93,'IBM - IBM DB2 Personal Edition Product Trial 9.7',5,6);
INSERT INTO entity_mentions VALUES(94,'IBM - IBM DB2 Storage Optimization Feature 9.7',5,6);
INSERT INTO entity_mentions VALUES(95,'IBM - IBM DB2 UDB Enterprise Server Edition 8.2',5,6);
INSERT INTO entity_mentions VALUES(96,'IBM - IBM DB2 Workgroup Server Edition Product Trial 9.7',5,6);
INSERT INTO entity_mentions VALUES(97,'IBM DB2',5,6);
INSERT INTO entity_mentions VALUES(98,'IBM DB',5,6);
INSERT INTO entity_mentions VALUES(99,'IBM DB2 ENTERPRISE SERVER EDITION - CPU OPTION 9.*',5,6);
INSERT INTO entity_mentions VALUES(100,'IBM DB2 ENTERPRISE SERVER EDITION - CPU OPTION 9.5',5,6);
INSERT INTO entity_mentions VALUES(101,'IBM DB2 ENTERPRISE SERVER EDITION - CPU OPTION 9.7',5,6);
INSERT INTO entity_mentions VALUES(102,'IBM DB2 ENTERPRISE SERVER EDITION PVU OPTION 10.5',5,6);
INSERT INTO entity_mentions VALUES(103,'IBM DB2 UDB/LUW ENTERPRISE SERVER EDITION DB2 ESE v9.7 FP 11 Special Build 35826 37314',5,6);
INSERT INTO entity_mentions VALUES(104,'IBM DB2 UDB/LUW ENTERPRISE SERVER EDITION DB2 v9.7 FP11 SB 37314',5,6);
INSERT INTO entity_mentions VALUES(105,'IBM-DB2-V9',5,6);
INSERT INTO entity_mentions VALUES(106,'UDB',5,6);
INSERT INTO entity_mentions VALUES(107,'Go',1,36);
INSERT INTO entity_mentions VALUES(108,'Hadoop',5,7);
INSERT INTO entity_mentions VALUES(109,'HAProxy',3,29);
INSERT INTO entity_mentions VALUES(110,'IBM Maximo 7.6',5,8);
INSERT INTO entity_mentions VALUES(111,'IBM Maximo',5,8);
INSERT INTO entity_mentions VALUES(112,'Maximo',5,8);
INSERT INTO entity_mentions VALUES(113,'Decision Center 8.0.1.0',5,9);
INSERT INTO entity_mentions VALUES(114,'Decision Server 8.0.1.0',5,9);
INSERT INTO entity_mentions VALUES(115,'IBM Operational Decision Manager (ODM)',5,9);
INSERT INTO entity_mentions VALUES(116,'IBM Operational Decision Manager',5,9);
INSERT INTO entity_mentions VALUES(117,'Operational Decision Manager',5,9);
INSERT INTO entity_mentions VALUES(118,'IBM ODM',5,9);
INSERT INTO entity_mentions VALUES(119,'IBM MQ',5,10);
INSERT INTO entity_mentions VALUES(120,'IBM Websphere MQ 7.1',5,10);
INSERT INTO entity_mentions VALUES(121,'IBM WebSphere MQ Client 7.5',5,10);
INSERT INTO entity_mentions VALUES(122,'IBM WEBSPHERE MQ SERVER 7.5',5,10);
INSERT INTO entity_mentions VALUES(123,'MQ',5,10);
INSERT INTO entity_mentions VALUES(124,'MQ 5.3',5,10);
INSERT INTO entity_mentions VALUES(125,'MQ 6',5,10);
INSERT INTO entity_mentions VALUES(126,'MQ 7',5,10);
INSERT INTO entity_mentions VALUES(127,'MQ 7.01',5,10);
INSERT INTO entity_mentions VALUES(128,'MQ 7.5',5,10);
INSERT INTO entity_mentions VALUES(129,'MQ 9.0',5,10);
INSERT INTO entity_mentions VALUES(130,'MQ 9.0.5',5,10);
INSERT INTO entity_mentions VALUES(131,'MQ 9.1',5,10);
INSERT INTO entity_mentions VALUES(132,'MQSeries 8.0',5,10);
INSERT INTO entity_mentions VALUES(133,'WSMQ 8.0',5,10);
INSERT INTO entity_mentions VALUES(134,'IBM Websphere MQ',5,10);
INSERT INTO entity_mentions VALUES(135,'Websphere MQ',5,10);
INSERT INTO entity_mentions VALUES(136,'WTX',5,11);
INSERT INTO entity_mentions VALUES(137,'IBM WebSphere Transformation Extender',5,11);
INSERT INTO entity_mentions VALUES(138,'IBM WebSphere Transformation Extender (WTX)',5,11);
INSERT INTO entity_mentions VALUES(139,'ILOG JRules BRMS',5,9);
INSERT INTO entity_mentions VALUES(140,'ILOG JRules',5,9);
INSERT INTO entity_mentions VALUES(141,'IBM WebSphere ILOG Jrules',5,9);
INSERT INTO entity_mentions VALUES(142,'INGRES DBM',5,12);
INSERT INTO entity_mentions VALUES(143,'Ingres',5,12);
INSERT INTO entity_mentions VALUES(144,'J2ee',1,37);
INSERT INTO entity_mentions VALUES(145,'J2EE 6',1,37);
INSERT INTO entity_mentions VALUES(146,'Java',1,37);
INSERT INTO entity_mentions VALUES(147,'Java (1.6)',1,37);
INSERT INTO entity_mentions VALUES(148,'Java (J2EE)',1,37);
INSERT INTO entity_mentions VALUES(149,'Java (open source)',1,37);
INSERT INTO entity_mentions VALUES(150,'Java 1.5',1,37);
INSERT INTO entity_mentions VALUES(151,'Java 1.6',1,37);
INSERT INTO entity_mentions VALUES(152,'Java 1.8',1,37);
INSERT INTO entity_mentions VALUES(153,'Java 1.8.0_92',1,37);
INSERT INTO entity_mentions VALUES(154,'Java 5',1,37);
INSERT INTO entity_mentions VALUES(155,'Java 6',1,37);
INSERT INTO entity_mentions VALUES(156,'Java 6.0',1,37);
INSERT INTO entity_mentions VALUES(157,'Java 7',1,37);
INSERT INTO entity_mentions VALUES(158,'Java 7 Update 25',1,37);
INSERT INTO entity_mentions VALUES(159,'Java on Weblogic server',1,37);
INSERT INTO entity_mentions VALUES(160,'Java Scripting',1,37);
INSERT INTO entity_mentions VALUES(161,'Java5',1,37);
INSERT INTO entity_mentions VALUES(162,'Java Runtime 6',4,94);
INSERT INTO entity_mentions VALUES(163,'Oracle - Java Runtime Environment 11',4,94);
INSERT INTO entity_mentions VALUES(164,'Oracle - Java Runtime Environment 7',4,94);
INSERT INTO entity_mentions VALUES(165,'Oracle - Java Runtime Environment 8',4,94);
INSERT INTO entity_mentions VALUES(166,'Java Runtime',4,94);
INSERT INTO entity_mentions VALUES(167,'JRE',4,94);
INSERT INTO entity_mentions VALUES(168,'Java Runtime Environment (JRE)',4,94);
INSERT INTO entity_mentions VALUES(169,'Camel',2,53);
INSERT INTO entity_mentions VALUES(170,'SS7/CAMEL',2,53);
INSERT INTO entity_mentions VALUES(171,'Apache Camel',2,53);
INSERT INTO entity_mentions VALUES(172,'Apache mmons-beanutils',2,54);
INSERT INTO entity_mentions VALUES(173,'Apache Commons BeanUtils',2,54);
INSERT INTO entity_mentions VALUES(174,'PDFBox 1.6',2,55);
INSERT INTO entity_mentions VALUES(175,'PDFBox',2,55);
INSERT INTO entity_mentions VALUES(176,'Apache PDFBox',2,55);
INSERT INTO entity_mentions VALUES(177,'Velocity',2,56);
INSERT INTO entity_mentions VALUES(178,'Apache Velocity',2,56);
INSERT INTO entity_mentions VALUES(179,'EclipseLink 2.6.4',2,57);
INSERT INTO entity_mentions VALUES(180,'EclipseLink',2,57);
INSERT INTO entity_mentions VALUES(181,'EJB',2,58);
INSERT INTO entity_mentions VALUES(182,'Ejb 2.x',2,58);
INSERT INTO entity_mentions VALUES(183,'EJBS',2,58);
INSERT INTO entity_mentions VALUES(184,'Enterprise JavaBeans',2,58);
INSERT INTO entity_mentions VALUES(185,'Enterprise JavaBeans (EJB)',2,58);
INSERT INTO entity_mentions VALUES(186,'JAVA-XSL',1,38);
INSERT INTO entity_mentions VALUES(187,'Extensible Stylesheet Language',1,38);
INSERT INTO entity_mentions VALUES(188,'Extensible Stylesheet Language (XSL)',1,38);
INSERT INTO entity_mentions VALUES(189,'EZMorph',2,59);
INSERT INTO entity_mentions VALUES(190,'GWT',2,60);
INSERT INTO entity_mentions VALUES(191,'Google Web Toolkit',2,60);
INSERT INTO entity_mentions VALUES(192,'Google Web Toolkit (GWT)',2,60);
INSERT INTO entity_mentions VALUES(193,'Hibernate',2,61);
INSERT INTO entity_mentions VALUES(194,'IBM - IBM SDK 5.0 for Windows AMD/EMT 64',2,62);
INSERT INTO entity_mentions VALUES(195,'IBM SDK',2,62);
INSERT INTO entity_mentions VALUES(196,'JDK 1.3',2,63);
INSERT INTO entity_mentions VALUES(197,'JDK 1.5',2,63);
INSERT INTO entity_mentions VALUES(198,'JDK 1.6.0_24',2,63);
INSERT INTO entity_mentions VALUES(199,'JDK 1.7.0',2,63);
INSERT INTO entity_mentions VALUES(200,'JDK8',2,63);
INSERT INTO entity_mentions VALUES(201,'JDK8 (1.8)',2,63);
INSERT INTO entity_mentions VALUES(202,'Oracle - JDK/SDK 8',2,63);
INSERT INTO entity_mentions VALUES(203,'Oracle (Sun) JDK/JRE',2,63);
INSERT INTO entity_mentions VALUES(204,'JDK',2,63);
INSERT INTO entity_mentions VALUES(205,'Java Development Kit',2,63);
INSERT INTO entity_mentions VALUES(206,'Java Development Kit (JDK)',2,63);
INSERT INTO entity_mentions VALUES(207,'Oracle - JDK/SDK',2,63);
INSERT INTO entity_mentions VALUES(208,'Oracle  JDK',2,63);
INSERT INTO entity_mentions VALUES(209,'JEE',1,39);
INSERT INTO entity_mentions VALUES(210,'Java Enterprise Edition',1,39);
INSERT INTO entity_mentions VALUES(211,'Java Enterprise Edition (Java EE)',1,39);
INSERT INTO entity_mentions VALUES(212,'Java EE',1,39);
INSERT INTO entity_mentions VALUES(213,'JMS',2,64);
INSERT INTO entity_mentions VALUES(214,'Java Message Service',2,64);
INSERT INTO entity_mentions VALUES(215,'Java Message Service (JMS)',2,64);
INSERT INTO entity_mentions VALUES(216,'Java SE 6',1,40);
INSERT INTO entity_mentions VALUES(217,'Java Standard Edition (Java SE)',1,40);
INSERT INTO entity_mentions VALUES(218,'oracle - java - java se 6',1,40);
INSERT INTO entity_mentions VALUES(219,'Oracle - Java Web Start 1.5',2,65);
INSERT INTO entity_mentions VALUES(220,'Oracle - Java Web Start 6',2,65);
INSERT INTO entity_mentions VALUES(221,'Java Web Start',2,65);
INSERT INTO entity_mentions VALUES(222,'JSF',2,66);
INSERT INTO entity_mentions VALUES(223,'JavaServer Faces',2,66);
INSERT INTO entity_mentions VALUES(224,'JavaServer Faces (JSF)',2,66);
INSERT INTO entity_mentions VALUES(225,'Core JSP',1,41);
INSERT INTO entity_mentions VALUES(226,'JSP',1,41);
INSERT INTO entity_mentions VALUES(227,'JavaServer Pages',1,41);
INSERT INTO entity_mentions VALUES(228,'JavaServer Pages (JSP)',1,41);
INSERT INTO entity_mentions VALUES(229,'Java Scriplet',1,42);
INSERT INTO entity_mentions VALUES(230,'JSP Scriptlets',1,42);
INSERT INTO entity_mentions VALUES(231,'JDBC',2,67);
INSERT INTO entity_mentions VALUES(232,'Core 9.2.0.0',2,68);
INSERT INTO entity_mentions VALUES(233,'JRuby Core',2,68);
INSERT INTO entity_mentions VALUES(234,'APACHE LOG4J',2,69);
INSERT INTO entity_mentions VALUES(235,'Log4j',2,69);
INSERT INTO entity_mentions VALUES(236,'Quartz',2,70);
INSERT INTO entity_mentions VALUES(237,'Java RMI',2,71);
INSERT INTO entity_mentions VALUES(238,'Remote Method Invocation',2,71);
INSERT INTO entity_mentions VALUES(239,'Java Remote Method Invocation (RMI)',2,71);
INSERT INTO entity_mentions VALUES(240,'J2EE Servlets',2,72);
INSERT INTO entity_mentions VALUES(241,'Java 6 Servlets',2,72);
INSERT INTO entity_mentions VALUES(242,'Java Servlets',2,72);
INSERT INTO entity_mentions VALUES(243,'Servlets',2,72);
INSERT INTO entity_mentions VALUES(244,'Servlet',2,72);
INSERT INTO entity_mentions VALUES(245,'Servlets v2.3',2,72);
INSERT INTO entity_mentions VALUES(246,'Spring',2,73);
INSERT INTO entity_mentions VALUES(247,'Spring IO',2,73);
INSERT INTO entity_mentions VALUES(248,'Spring BOOT',2,74);
INSERT INTO entity_mentions VALUES(249,'Spring Cloud Data Flow',2,75);
INSERT INTO entity_mentions VALUES(250,'Spring MVC',2,76);
INSERT INTO entity_mentions VALUES(251,'Struts',2,77);
INSERT INTO entity_mentions VALUES(252,'Struts (2.0)',2,77);
INSERT INTO entity_mentions VALUES(253,'Struts 2.0',2,77);
INSERT INTO entity_mentions VALUES(254,'Swings',2,78);
INSERT INTO entity_mentions VALUES(255,'Swing',2,78);
INSERT INTO entity_mentions VALUES(256,'Vaadin',2,79);
INSERT INTO entity_mentions VALUES(257,'Java Script',1,43);
INSERT INTO entity_mentions VALUES(258,'Javascript',1,43);
INSERT INTO entity_mentions VALUES(259,'javascriptl',1,43);
INSERT INTO entity_mentions VALUES(260,'javasript',1,43);
INSERT INTO entity_mentions VALUES(261,'JS',1,43);
INSERT INTO entity_mentions VALUES(262,'AJAX',2,80);
INSERT INTO entity_mentions VALUES(263,'Angular',2,81);
INSERT INTO entity_mentions VALUES(264,'Angular JS',2,81);
INSERT INTO entity_mentions VALUES(265,'AngularJS',2,81);
INSERT INTO entity_mentions VALUES(266,'Draw2D 2.10.1',2,82);
INSERT INTO entity_mentions VALUES(267,'Draw2D',2,82);
INSERT INTO entity_mentions VALUES(268,'Express',2,83);
INSERT INTO entity_mentions VALUES(269,'Express.js',2,83);
INSERT INTO entity_mentions VALUES(270,'Ext JS',2,84);
INSERT INTO entity_mentions VALUES(271,'ExtJS',2,84);
INSERT INTO entity_mentions VALUES(272,'ExtJS 4.1',2,84);
INSERT INTO entity_mentions VALUES(273,'Sencha 4.2.0',2,84);
INSERT INTO entity_mentions VALUES(274,'jqGrid',2,85);
INSERT INTO entity_mentions VALUES(275,'JQuery',2,86);
INSERT INTO entity_mentions VALUES(276,'JQuery 1.7',2,86);
INSERT INTO entity_mentions VALUES(277,'jquery-ui',2,87);
INSERT INTO entity_mentions VALUES(278,'jqueryui',2,87);
INSERT INTO entity_mentions VALUES(279,'jQuery UI',2,87);
INSERT INTO entity_mentions VALUES(280,'react.js',2,88);
INSERT INTO entity_mentions VALUES(281,'ReactJS',2,88);
INSERT INTO entity_mentions VALUES(282,'react',2,88);
INSERT INTO entity_mentions VALUES(283,'Scriptaculous',2,89);
INSERT INTO entity_mentions VALUES(284,'script.aculo.us',2,89);
INSERT INTO entity_mentions VALUES(285,'Valums File Uploader',2,90);
INSERT INTO entity_mentions VALUES(286,'Valums AJAX File Uploader',2,90);
INSERT INTO entity_mentions VALUES(287,'Jenkins',5,13);
INSERT INTO entity_mentions VALUES(288,'Linux RHEL',6,93);
INSERT INTO entity_mentions VALUES(289,'RED HAT ENTERPRISE LINUX 4.6',6,93);
INSERT INTO entity_mentions VALUES(290,'RED HAT ENTERPRISE LINUX 4.9',6,93);
INSERT INTO entity_mentions VALUES(291,'RED HAT ENTERPRISE LINUX 5.10',6,93);
INSERT INTO entity_mentions VALUES(292,'RED HAT ENTERPRISE LINUX 5.11',6,93);
INSERT INTO entity_mentions VALUES(293,'RED HAT ENTERPRISE LINUX 5.11 - 5.11',6,93);
INSERT INTO entity_mentions VALUES(294,'RED HAT ENTERPRISE LINUX 5.9',6,93);
INSERT INTO entity_mentions VALUES(295,'RHEL 6.9',6,93);
INSERT INTO entity_mentions VALUES(296,'Linux - Redhat 6',6,93);
INSERT INTO entity_mentions VALUES(297,'Linux Red Hat',6,93);
INSERT INTO entity_mentions VALUES(298,'LINUX RED HAT 5 EL',6,93);
INSERT INTO entity_mentions VALUES(299,'Linux Red Hat 6.10',6,93);
INSERT INTO entity_mentions VALUES(300,'Linux Red Hat 7.6',6,93);
INSERT INTO entity_mentions VALUES(301,'LINUX RED HAT ENTERPRISE AS 4',6,93);
INSERT INTO entity_mentions VALUES(302,'LINUX RED HAT ENTERPRISE ES 4',6,93);
INSERT INTO entity_mentions VALUES(303,'LINUX Red Hat Enterprise Linux Server 5.11',6,93);
INSERT INTO entity_mentions VALUES(304,'LINUX Red Hat Enterprise Linux Server 5.7',6,93);
INSERT INTO entity_mentions VALUES(305,'LINUX Red Hat Enterprise Linux Server 6.3',6,93);
INSERT INTO entity_mentions VALUES(306,'LINUX Red Hat Enterprise Linux Server 6.9',6,93);
INSERT INTO entity_mentions VALUES(307,'LINUX RED HAT ENTERPRISE SERVER 5.11',6,93);
INSERT INTO entity_mentions VALUES(308,'Linux Red Hat Enterprise Server 5.11 (2.6.18-419.el5)',6,93);
INSERT INTO entity_mentions VALUES(309,'LINUX RED HAT ENTERPRISE SERVER 6 X64',6,93);
INSERT INTO entity_mentions VALUES(310,'Linux Red Hat Enterprise Server 6.10',6,93);
INSERT INTO entity_mentions VALUES(311,'Linux Red Hat Enterprise Server 6.7',6,93);
INSERT INTO entity_mentions VALUES(312,'LINUX RED HAT ENTERPRISE SERVER 6.8',6,93);
INSERT INTO entity_mentions VALUES(313,'LINUX RED HAT ENTERPRISE SERVER 6.9',6,93);
INSERT INTO entity_mentions VALUES(314,'LINUX RED HAT ENTERPRISE SERVER 7.3',6,93);
INSERT INTO entity_mentions VALUES(315,'LINUX RED HAT ENTERPRISE SERVER 7.4',6,93);
INSERT INTO entity_mentions VALUES(316,'LINUX RED HAT ENTERPRISE SERVER 7.5',6,93);
INSERT INTO entity_mentions VALUES(317,'LINUX RED HAT ENTERPRISE SERVER 7.6',6,93);
INSERT INTO entity_mentions VALUES(318,'Linux Red Hat Enterprise Server 7.7',6,93);
INSERT INTO entity_mentions VALUES(319,'Linux Red Hat3',6,93);
INSERT INTO entity_mentions VALUES(320,'Linux Red Hat4',6,93);
INSERT INTO entity_mentions VALUES(321,'Linux Red Hat5.1',6,93);
INSERT INTO entity_mentions VALUES(322,'Linux Red Hat5.11',6,93);
INSERT INTO entity_mentions VALUES(323,'Linux Red Hat5.6',6,93);
INSERT INTO entity_mentions VALUES(324,'Linux Red Hat5.8',6,93);
INSERT INTO entity_mentions VALUES(325,'Linux Red Hat5.9',6,93);
INSERT INTO entity_mentions VALUES(326,'Linux Red Hat6.1',6,93);
INSERT INTO entity_mentions VALUES(327,'Linux Red Hat6.4',6,93);
INSERT INTO entity_mentions VALUES(328,'Linux Red Hat6.5',6,93);
INSERT INTO entity_mentions VALUES(329,'Linux Red Hat6.7',6,93);
INSERT INTO entity_mentions VALUES(330,'Linux Red Hat6.8',6,93);
INSERT INTO entity_mentions VALUES(331,'Linux Red Hat6.9',6,93);
INSERT INTO entity_mentions VALUES(332,'LINUX RedHat EL 5 64bit',6,93);
INSERT INTO entity_mentions VALUES(333,'LINUX RedHat EL 5.0 64bit',6,93);
INSERT INTO entity_mentions VALUES(334,'LINUX RedHat EL 5.11 64bit',6,93);
INSERT INTO entity_mentions VALUES(335,'LINUX RedHat EL 5.7 64bit',6,93);
INSERT INTO entity_mentions VALUES(336,'LINUX RedHat EL 6.10 64bit',6,93);
INSERT INTO entity_mentions VALUES(337,'LINUX RedHat EL 6.2 64bit',6,93);
INSERT INTO entity_mentions VALUES(338,'LINUX RedHat EL 6.6 64bit',6,93);
INSERT INTO entity_mentions VALUES(339,'LINUX RedHat EL 6.8 64bit',6,93);
INSERT INTO entity_mentions VALUES(340,'LINUX RedHat EL 6.9 64bit',6,93);
INSERT INTO entity_mentions VALUES(341,'LINUX RedHat EL 7.3 64bit',6,93);
INSERT INTO entity_mentions VALUES(342,'LINUX RedHat EL 7.4 64bit',6,93);
INSERT INTO entity_mentions VALUES(343,'LINUX RedHat EL 7.5 64bit',6,93);
INSERT INTO entity_mentions VALUES(344,'LINUX RedHat ES 5.7 64bit',6,93);
INSERT INTO entity_mentions VALUES(345,'Linux RH5',6,93);
INSERT INTO entity_mentions VALUES(346,'Linux RH6',6,93);
INSERT INTO entity_mentions VALUES(347,'Linux RH7',6,93);
INSERT INTO entity_mentions VALUES(348,'Linux RH',6,93);
INSERT INTO entity_mentions VALUES(349,'LINUXRed Hat Enterprise Linux Server 5.11',6,93);
INSERT INTO entity_mentions VALUES(350,'LINUXRed Hat Enterprise Linux Server 6.10',6,93);
INSERT INTO entity_mentions VALUES(351,'LINUXRed Hat Enterprise Linux Server 6.9',6,93);
INSERT INTO entity_mentions VALUES(352,'LINUXRed Hat Enterprise Linux Server 7.6',6,93);
INSERT INTO entity_mentions VALUES(353,'Red Hat 6.6',6,93);
INSERT INTO entity_mentions VALUES(354,'RED HAT ADVANCED SERVER 5',6,93);
INSERT INTO entity_mentions VALUES(355,'RED HAT ENTERPRISE LINUX',6,93);
INSERT INTO entity_mentions VALUES(356,'Red Hat Enterprise Linux 3 (32-bit)',6,93);
INSERT INTO entity_mentions VALUES(357,'Red Hat Enterprise Linux 4 (32-bit)',6,93);
INSERT INTO entity_mentions VALUES(358,'RED HAT ENTERPRISE LINUX 4.3',6,93);
INSERT INTO entity_mentions VALUES(359,'Red Hat Enterprise Linux 5',6,93);
INSERT INTO entity_mentions VALUES(360,'Red Hat Enterprise Linux 5 (32-bit)',6,93);
INSERT INTO entity_mentions VALUES(361,'RED HAT ENTERPRISE LINUX 5 (64 Bit)',6,93);
INSERT INTO entity_mentions VALUES(362,'Red Hat Enterprise Linux 5 (64-bit)',6,93);
INSERT INTO entity_mentions VALUES(363,'Red Hat Enterprise Linux 5 Update 3 (RHEL 5.3) for x86-64',6,93);
INSERT INTO entity_mentions VALUES(364,'RED HAT ENTERPRISE LINUX 5.8',6,93);
INSERT INTO entity_mentions VALUES(365,'RED HAT ENTERPRISE LINUX 5.X',6,93);
INSERT INTO entity_mentions VALUES(366,'RED HAT ENTERPRISE LINUX 5.X TPM',6,93);
INSERT INTO entity_mentions VALUES(367,'Red Hat Enterprise Linux 6',6,93);
INSERT INTO entity_mentions VALUES(368,'Red Hat Enterprise Linux 6 (32-bit)',6,93);
INSERT INTO entity_mentions VALUES(369,'Red Hat Enterprise Linux 6 (64-bit)',6,93);
INSERT INTO entity_mentions VALUES(370,'RED HAT ENTERPRISE LINUX 6.10',6,93);
INSERT INTO entity_mentions VALUES(371,'RED HAT ENTERPRISE LINUX 6.4',6,93);
INSERT INTO entity_mentions VALUES(372,'RED HAT ENTERPRISE LINUX 6.5',6,93);
INSERT INTO entity_mentions VALUES(373,'RED HAT ENTERPRISE LINUX 6.9',6,93);
INSERT INTO entity_mentions VALUES(374,'RED HAT ENTERPRISE LINUX 6.X',6,93);
INSERT INTO entity_mentions VALUES(375,'RED HAT ENTERPRISE LINUX 6.X TPM',6,93);
INSERT INTO entity_mentions VALUES(376,'Red Hat Enterprise Linux 7',6,93);
INSERT INTO entity_mentions VALUES(377,'Red Hat Enterprise Linux 7 (64-bit)',6,93);
INSERT INTO entity_mentions VALUES(378,'RED HAT ENTERPRISE LINUX 7.1',6,93);
INSERT INTO entity_mentions VALUES(379,'Red Hat Enterprise Linux 7.2 (64-bit)',6,93);
INSERT INTO entity_mentions VALUES(380,'RED HAT ENTERPRISE LINUX 7.3',6,93);
INSERT INTO entity_mentions VALUES(381,'RED HAT ENTERPRISE LINUX 7.4',6,93);
INSERT INTO entity_mentions VALUES(382,'Red Hat Enterprise Linux 7.5',6,93);
INSERT INTO entity_mentions VALUES(383,'Red Hat Enterprise Linux 7.6',6,93);
INSERT INTO entity_mentions VALUES(384,'Red Hat Enterprise Linux 7.7',6,93);
INSERT INTO entity_mentions VALUES(385,'RED HAT ENTERPRISE LINUX 7.X',6,93);
INSERT INTO entity_mentions VALUES(386,'RED HAT ENTERPRISE LINUX 7.X TPM',6,93);
INSERT INTO entity_mentions VALUES(387,'Red Hat Enterprise Linux AS',6,93);
INSERT INTO entity_mentions VALUES(388,'Red Hat Enterprise Linux AS release 4 (Nahant Update 8)',6,93);
INSERT INTO entity_mentions VALUES(389,'RED HAT ENTERPRISE LINUX ES 5.11',6,93);
INSERT INTO entity_mentions VALUES(390,'RED HAT ENTERPRISE LINUX ES 6.9',6,93);
INSERT INTO entity_mentions VALUES(391,'red hat',6,93);
INSERT INTO entity_mentions VALUES(392,'Red Hat Enterprise Linux Santiago 6.3 32 Bit',6,93);
INSERT INTO entity_mentions VALUES(393,'Red Hat Enterprise Linux Santiago 6.3 64 Bit',6,93);
INSERT INTO entity_mentions VALUES(394,'Red Hat Enterprise Linux Santiago 6.x',6,93);
INSERT INTO entity_mentions VALUES(395,'Red Hat Enterprise Linux Server',6,93);
INSERT INTO entity_mentions VALUES(396,'RED HAT ENTERPRISE LINUX SERVER 4',6,93);
INSERT INTO entity_mentions VALUES(397,'Red Hat Enterprise Linux Server 4.9',6,93);
INSERT INTO entity_mentions VALUES(398,'RED HAT ENTERPRISE LINUX SERVER 5',6,93);
INSERT INTO entity_mentions VALUES(399,'Red Hat Enterprise Linux Server 5.1',6,93);
INSERT INTO entity_mentions VALUES(400,'Red Hat Enterprise Linux Server 5.11',6,93);
INSERT INTO entity_mentions VALUES(401,'Red Hat Enterprise Linux Server 5.2',6,93);
INSERT INTO entity_mentions VALUES(402,'Red Hat Enterprise Linux Server 5.5',6,93);
INSERT INTO entity_mentions VALUES(403,'Red Hat Enterprise Linux Server 5.8',6,93);
INSERT INTO entity_mentions VALUES(404,'Red Hat Enterprise Linux Server 5.9',6,93);
INSERT INTO entity_mentions VALUES(405,'Red Hat Enterprise Linux Server 5.x',6,93);
INSERT INTO entity_mentions VALUES(406,'RED HAT ENTERPRISE LINUX SERVER 5.X (Tikanga)',6,93);
INSERT INTO entity_mentions VALUES(407,'Red Hat Enterprise Linux Server 6.1',6,93);
INSERT INTO entity_mentions VALUES(408,'RED HAT ENTERPRISE LINUX SERVER 6.2',6,93);
INSERT INTO entity_mentions VALUES(409,'Red Hat Enterprise Linux Server 6.3',6,93);
INSERT INTO entity_mentions VALUES(410,'Red Hat Enterprise Linux Server 6.4',6,93);
INSERT INTO entity_mentions VALUES(411,'Red Hat Enterprise Linux Server 6.5',6,93);
INSERT INTO entity_mentions VALUES(412,'Red Hat Enterprise Linux Server 6.6',6,93);
INSERT INTO entity_mentions VALUES(413,'Red Hat Enterprise Linux Server 6.7',6,93);
INSERT INTO entity_mentions VALUES(414,'Red Hat Enterprise Linux Server 6.8',6,93);
INSERT INTO entity_mentions VALUES(415,'Red Hat Enterprise Linux Server 6.9',6,93);
INSERT INTO entity_mentions VALUES(416,'Red Hat Enterprise Linux Server 6.x',6,93);
INSERT INTO entity_mentions VALUES(417,'RED HAT ENTERPRISE LINUX SERVER 6.X (Santiago)',6,93);
INSERT INTO entity_mentions VALUES(418,'Red Hat Enterprise Linux Server 7.',6,93);
INSERT INTO entity_mentions VALUES(419,'Red Hat Enterprise Linux Server 7.1',6,93);
INSERT INTO entity_mentions VALUES(420,'Red Hat Enterprise Linux Server 7.2',6,93);
INSERT INTO entity_mentions VALUES(421,'Red Hat Enterprise Linux Server 7.3',6,93);
INSERT INTO entity_mentions VALUES(422,'Red Hat Enterprise Linux Server 7.4',6,93);
INSERT INTO entity_mentions VALUES(423,'Red Hat Enterprise Linux Server 7.5',6,93);
INSERT INTO entity_mentions VALUES(424,'Red Hat Enterprise Linux Server 7.6',6,93);
INSERT INTO entity_mentions VALUES(425,'Red Hat Enterprise Linux Server 7.6 (Maipo)',6,93);
INSERT INTO entity_mentions VALUES(426,'Red Hat Enterprise Linux Server 7.x',6,93);
INSERT INTO entity_mentions VALUES(427,'RED HAT ENTERPRISE LINUX SERVER 7.X (Maipo)',6,93);
INSERT INTO entity_mentions VALUES(428,'Red Hat Enterprise Linux Server release 5 (Tikanga)',6,93);
INSERT INTO entity_mentions VALUES(429,'Red Hat Enterprise Linux Server release 5.1',6,93);
INSERT INTO entity_mentions VALUES(430,'Red Hat Enterprise Linux Server release 5.3',6,93);
INSERT INTO entity_mentions VALUES(431,'Red Hat Enterprise Linux Server Release 6.10',6,93);
INSERT INTO entity_mentions VALUES(432,'Red Hat Enterprise Linux Server release 6.10 (Santiago)',6,93);
INSERT INTO entity_mentions VALUES(433,'Red Hat Enterprise Linux Server release 6.3 (Santiago)',6,93);
INSERT INTO entity_mentions VALUES(434,'Red Hat Enterprise Linux Server release 6.5 (Santiago)',6,93);
INSERT INTO entity_mentions VALUES(435,'Red Hat Enterprise Linux Server release 6.6 (Santiago)',6,93);
INSERT INTO entity_mentions VALUES(436,'Red Hat Enterprise Linux Server release 6.7 (Santiago)',6,93);
INSERT INTO entity_mentions VALUES(437,'Red Hat Enterprise Linux Server release 6.8 (Santiago)',6,93);
INSERT INTO entity_mentions VALUES(438,'Red Hat Enterprise Linux Server release 6.9',6,93);
INSERT INTO entity_mentions VALUES(439,'Red Hat Enterprise Linux Server release 6.9 (Santiago)',6,93);
INSERT INTO entity_mentions VALUES(440,'Red Hat Enterprise Linux Server release 7.3 (Maipo)',6,93);
INSERT INTO entity_mentions VALUES(441,'Red Hat Enterprise Linux Server release 7.4 (Maipo)',6,93);
INSERT INTO entity_mentions VALUES(442,'Red Hat Enterprise Linux Server release 7.5 (Maipo)',6,93);
INSERT INTO entity_mentions VALUES(443,'Red Hat Enterprise Linux Server release 7.6 (Maipo)',6,93);
INSERT INTO entity_mentions VALUES(444,'Red Hat Enterprise Linux Server release 7.x',6,93);
INSERT INTO entity_mentions VALUES(445,'Red Hat Entreprise Linux 6.2',6,93);
INSERT INTO entity_mentions VALUES(446,'Red Hat Linux',6,93);
INSERT INTO entity_mentions VALUES(447,'Red Hat Linux 5.7',6,93);
INSERT INTO entity_mentions VALUES(448,'Red Hat Linux 6',6,93);
INSERT INTO entity_mentions VALUES(449,'Red Hat Linux x64 6.6',6,93);
INSERT INTO entity_mentions VALUES(450,'Red Hat V6',6,93);
INSERT INTO entity_mentions VALUES(451,'Red Hat(Linux)',6,93);
INSERT INTO entity_mentions VALUES(452,'Redhat',6,93);
INSERT INTO entity_mentions VALUES(453,'Redhat - Red Hat(Linux)',6,93);
INSERT INTO entity_mentions VALUES(454,'Redhat - Redhat Linux 6.3',6,93);
INSERT INTO entity_mentions VALUES(455,'Redhat - Redhat Linux 6.6',6,93);
INSERT INTO entity_mentions VALUES(456,'Redhat - Redhat Linux 7.2',6,93);
INSERT INTO entity_mentions VALUES(457,'Redhat - RHEL 7.2',6,93);
INSERT INTO entity_mentions VALUES(458,'Redhat 6 64-Bit',6,93);
INSERT INTO entity_mentions VALUES(459,'RedHat 7.3',6,93);
INSERT INTO entity_mentions VALUES(460,'RedHat Enterprise Linux 6 (64-bit)',6,93);
INSERT INTO entity_mentions VALUES(461,'Redhat Linux',6,93);
INSERT INTO entity_mentions VALUES(462,'Redhat Linux 5.7',6,93);
INSERT INTO entity_mentions VALUES(463,'Redhat Linux 6.10',6,93);
INSERT INTO entity_mentions VALUES(464,'Redhat Linux 6.3',6,93);
INSERT INTO entity_mentions VALUES(465,'Redhat Linux 6.6',6,93);
INSERT INTO entity_mentions VALUES(466,'Redhat Linux 7.2',6,93);
INSERT INTO entity_mentions VALUES(467,'redhat6.6',6,93);
INSERT INTO entity_mentions VALUES(468,'rehl5.9',6,93);
INSERT INTO entity_mentions VALUES(469,'RHEL',6,93);
INSERT INTO entity_mentions VALUES(470,'RHEL 5',6,93);
INSERT INTO entity_mentions VALUES(471,'RHEL 5.4',6,93);
INSERT INTO entity_mentions VALUES(472,'RHEL 6',6,93);
INSERT INTO entity_mentions VALUES(473,'RHEL 6.3',6,93);
INSERT INTO entity_mentions VALUES(474,'RHEL 6.4',6,93);
INSERT INTO entity_mentions VALUES(475,'RHEL 6.5',6,93);
INSERT INTO entity_mentions VALUES(476,'RHEL 6.6',6,93);
INSERT INTO entity_mentions VALUES(477,'RHEL 6.6 ((64 bit x86_64)',6,93);
INSERT INTO entity_mentions VALUES(478,'RHEL 6.7',6,93);
INSERT INTO entity_mentions VALUES(479,'RHEL 7',6,93);
INSERT INTO entity_mentions VALUES(480,'RHEL 7.1',6,93);
INSERT INTO entity_mentions VALUES(481,'RHEL 7.2',6,93);
INSERT INTO entity_mentions VALUES(482,'RHEL 7.3',6,93);
INSERT INTO entity_mentions VALUES(483,'RHEL 7.4',6,93);
INSERT INTO entity_mentions VALUES(484,'RHEL 7.5',6,93);
INSERT INTO entity_mentions VALUES(485,'RHEL 7.xx',6,93);
INSERT INTO entity_mentions VALUES(486,'RHEL Linux',6,93);
INSERT INTO entity_mentions VALUES(487,'RHEL Server',6,93);
INSERT INTO entity_mentions VALUES(488,'RHEL x86-64',6,93);
INSERT INTO entity_mentions VALUES(489,'RHEL6.6 - 2.6.32-504.el6.x86_64',6,93);
INSERT INTO entity_mentions VALUES(490,'RHEL6.7 - 2.6.32-573.el6.x86_64',6,93);
INSERT INTO entity_mentions VALUES(491,'RHEL7.4',6,93);
INSERT INTO entity_mentions VALUES(492,'RHEL7.5',6,93);
INSERT INTO entity_mentions VALUES(493,'RHEL7.xx',6,93);
INSERT INTO entity_mentions VALUES(494,'Unix Linux Redhat',6,93);
INSERT INTO entity_mentions VALUES(495,'Marklogic',5,14);
INSERT INTO entity_mentions VALUES(496,'MarkLogic DB',5,14);
INSERT INTO entity_mentions VALUES(497,'Memcache',5,15);
INSERT INTO entity_mentions VALUES(498,'Memcached',5,15);
INSERT INTO entity_mentions VALUES(499,'MONGO-DB',5,16);
INSERT INTO entity_mentions VALUES(500,'MongoDB',5,16);
INSERT INTO entity_mentions VALUES(501,'Mongo DB',5,16);
INSERT INTO entity_mentions VALUES(502,'MangoDB',5,16);
INSERT INTO entity_mentions VALUES(503,'Mango DB',5,16);
INSERT INTO entity_mentions VALUES(504,'Microsoft - Microsoft SQL - 13.0',5,17);
INSERT INTO entity_mentions VALUES(505,'Microsoft - Microsoft SQL Server 2005 for Microsoft SQL Server 2005 Express Edition 2005',5,17);
INSERT INTO entity_mentions VALUES(506,'Microsoft - Microsoft SQL Server 2008 for Microsoft SQL Server 2008 Express Edition 2008',5,17);
INSERT INTO entity_mentions VALUES(507,'Microsoft - Microsoft SQL Server 2008 R2 for Microsoft SQL Server 2008 R2 Express Edition 2008',5,17);
INSERT INTO entity_mentions VALUES(508,'Microsoft - Microsoft SQL Server 2008 R2 for Microsoft SQL Server 2008 R2 Standard Edition 2008',5,17);
INSERT INTO entity_mentions VALUES(509,'Microsoft - Microsoft SQL Server 2012 for Microsoft SQL Server 2012 Standard Edition 2012',5,17);
INSERT INTO entity_mentions VALUES(510,'Microsoft - Microsoft SQL Server 2014 for Microsoft SQL Server 2014 Express Edition 2014',5,17);
INSERT INTO entity_mentions VALUES(511,'Microsoft - Microsoft SQL Server 2014 for Microsoft SQL Server 2014 Standard Edition 2014',5,17);
INSERT INTO entity_mentions VALUES(512,'Microsoft - SQL Server Express LocalDB 2014',5,17);
INSERT INTO entity_mentions VALUES(513,'Microsoft SQL Server',5,17);
INSERT INTO entity_mentions VALUES(514,'Microsoft SQL Server 1997 (SP4)',5,17);
INSERT INTO entity_mentions VALUES(515,'Microsoft SQL Server 2000',5,17);
INSERT INTO entity_mentions VALUES(516,'Microsoft SQL Server 2000 (SP4)',5,17);
INSERT INTO entity_mentions VALUES(517,'MICROSOFT SQL SERVER 2000 STANDARD EDITION 8.*',5,17);
INSERT INTO entity_mentions VALUES(518,'Microsoft SQL Server 2005',5,17);
INSERT INTO entity_mentions VALUES(519,'MICROSOFT SQL SERVER 2005 ENTERPRISE EDITION',5,17);
INSERT INTO entity_mentions VALUES(520,'MICROSOFT SQL SERVER 2005 STANDARD EDITION 9.*',5,17);
INSERT INTO entity_mentions VALUES(521,'Microsoft SQL Server 2008',5,17);
INSERT INTO entity_mentions VALUES(522,'Microsoft SQL Server 2008 (SP3) - 10.0.5500.0 (X64)',5,17);
INSERT INTO entity_mentions VALUES(523,'Microsoft SQL Server 2008 (SP4) - 10.0.6000.29 (X64)',5,17);
INSERT INTO entity_mentions VALUES(524,'MICROSOFT SQL SERVER 2008 DEVELOPER EDITION',5,17);
INSERT INTO entity_mentions VALUES(525,'MICROSOFT SQL SERVER 2008 ENTERPRISE EDITION',5,17);
INSERT INTO entity_mentions VALUES(526,'Microsoft SQL Server 2008 R2 (RTM) - 10.50.1600.1 (X64)',5,17);
INSERT INTO entity_mentions VALUES(527,'MICROSOFT SQL SERVER 2008 R2 ENTERPRISE EDITION 10.*',5,17);
INSERT INTO entity_mentions VALUES(528,'MICROSOFT SQL SERVER 2008 R2 ENTERPRISE EDITION 10.5',5,17);
INSERT INTO entity_mentions VALUES(529,'Microsoft SQL Server 2008 R2 Policies 10.50.1600.1',5,17);
INSERT INTO entity_mentions VALUES(530,'MICROSOFT SQL SERVER 2008 R2 STANDARD EDITION',5,17);
INSERT INTO entity_mentions VALUES(531,'MICROSOFT SQL SERVER 2008 R2 STANDARD EDITION 10.5',5,17);
INSERT INTO entity_mentions VALUES(532,'MICROSOFT SQL SERVER 2008 STANDARD EDITION',5,17);
INSERT INTO entity_mentions VALUES(533,'Microsoft SQL Server 2008R2',5,17);
INSERT INTO entity_mentions VALUES(534,'Microsoft SQL Server 2012',5,17);
INSERT INTO entity_mentions VALUES(535,'Microsoft SQL Server 2012 (SP4-GDR)',5,17);
INSERT INTO entity_mentions VALUES(536,'Microsoft SQL Server 2012 (SP4) (KB4018073) - 11.0.7001.0 (X64)',5,17);
INSERT INTO entity_mentions VALUES(537,'MICROSOFT SQL SERVER 2012 DEVELOPER EDITION',5,17);
INSERT INTO entity_mentions VALUES(538,'MICROSOFT SQL SERVER 2012 ENTERPRISE EDITION',5,17);
INSERT INTO entity_mentions VALUES(539,'MICROSOFT SQL SERVER 2012 ENTERPRISE EDITION 11',5,17);
INSERT INTO entity_mentions VALUES(540,'MICROSOFT SQL SERVER 2012 ENTERPRISE EDITION 11.0"',5,17);
INSERT INTO entity_mentions VALUES(541,'MICROSOFT SQL SERVER 2012 STANDARD EDITION',5,17);
INSERT INTO entity_mentions VALUES(542,'MICROSOFT SQL SERVER 2012 STANDARD EDITION 11',5,17);
INSERT INTO entity_mentions VALUES(543,'Microsoft SQL Server 2014',5,17);
INSERT INTO entity_mentions VALUES(544,'MICROSOFT SQL SERVER 2014 ENTERPRISE EDITION 12',5,17);
INSERT INTO entity_mentions VALUES(545,'MICROSOFT SQL SERVER 2014 STANDARD EDITION 12',5,17);
INSERT INTO entity_mentions VALUES(546,'MICROSOFT SQL SERVER 2014 STANDARD EDITION 12.0',5,17);
INSERT INTO entity_mentions VALUES(547,'Microsoft SQL Server 2016',5,17);
INSERT INTO entity_mentions VALUES(548,'Microsoft SQL Server 2016 - Service pack 2',5,17);
INSERT INTO entity_mentions VALUES(549,'Microsoft SQL Server 8.1',5,17);
INSERT INTO entity_mentions VALUES(550,'Microsoft SQL Server SQL Server 2005',5,17);
INSERT INTO entity_mentions VALUES(551,'Microsoft SQL Server SQL Server 2008 R2',5,17);
INSERT INTO entity_mentions VALUES(552,'Microsoft SQL Server Standard Edition',5,17);
INSERT INTO entity_mentions VALUES(553,'Microsoft SQL sever 2008 R2 SP 3',5,17);
INSERT INTO entity_mentions VALUES(554,'MS SQL',5,17);
INSERT INTO entity_mentions VALUES(555,'MS SQL Server 2008 R2 Enterprise',5,17);
INSERT INTO entity_mentions VALUES(556,'MS SQL Server 2005 Enterprise',5,17);
INSERT INTO entity_mentions VALUES(557,'MS SQL Server 2008 Standard R2',5,17);
INSERT INTO entity_mentions VALUES(558,'MS SQL Server 2005 Express',5,17);
INSERT INTO entity_mentions VALUES(559,'MS SQL Server 2008 Developer',5,17);
INSERT INTO entity_mentions VALUES(560,'MS SQL Server 2000 Standard',5,17);
INSERT INTO entity_mentions VALUES(561,'MS SQL Server 2014 Standard',5,17);
INSERT INTO entity_mentions VALUES(562,'MS SQL Server 2012 Standard',5,17);
INSERT INTO entity_mentions VALUES(563,'MS SQL Server 2008 R2 Express',5,17);
INSERT INTO entity_mentions VALUES(564,'MS SQL Server 2017',5,17);
INSERT INTO entity_mentions VALUES(565,'MS SQL Server 2012 Enterprise',5,17);
INSERT INTO entity_mentions VALUES(566,'MS SQL Server 2008 R2 Standard',5,17);
INSERT INTO entity_mentions VALUES(567,'MS SQL Server 2008 Enterprise',5,17);
INSERT INTO entity_mentions VALUES(568,'MS SQL Server 2014 Enterprise',5,17);
INSERT INTO entity_mentions VALUES(569,'MS SQL Server 2008 Enterprise R2',5,17);
INSERT INTO entity_mentions VALUES(570,'MS SQL Server 2008 Standard',5,17);
INSERT INTO entity_mentions VALUES(571,'MS SQL Server 2014 Express',5,17);
INSERT INTO entity_mentions VALUES(572,'MS SQL Server 2012 Developer',5,17);
INSERT INTO entity_mentions VALUES(573,'MS SQL Server 2008 Express',5,17);
INSERT INTO entity_mentions VALUES(574,'MS SQL Server 2005 Standard',5,17);
INSERT INTO entity_mentions VALUES(575,'MS SQL 2005SP4STD (9.4.5324)',5,17);
INSERT INTO entity_mentions VALUES(576,'MS SQL 2005SP3STD (9.3.4340)',5,17);
INSERT INTO entity_mentions VALUES(577,'MS SQL 2008R2SP2ENT (10.52.4042.0)',5,17);
INSERT INTO entity_mentions VALUES(578,'MS SQL 2008R2SP2STD (10.52.4042.0)',5,17);
INSERT INTO entity_mentions VALUES(579,'MS SQL 2008R2SP3STD (10.53.6220.0)',5,17);
INSERT INTO entity_mentions VALUES(580,'MS SQL 2008SP2STD (10.2.4067.0)',5,17);
INSERT INTO entity_mentions VALUES(581,'MS SQL 2012SP3STD (11.3.6020.0)',5,17);
INSERT INTO entity_mentions VALUES(582,'MS SQL 2014',5,17);
INSERT INTO entity_mentions VALUES(583,'MS SQL 2016 SP1',5,17);
INSERT INTO entity_mentions VALUES(584,'MS SQL Instance',5,17);
INSERT INTO entity_mentions VALUES(585,'MS SQL Server',5,17);
INSERT INTO entity_mentions VALUES(586,'MS SQL SERVER 08',5,17);
INSERT INTO entity_mentions VALUES(587,'MS SQL Server 2000',5,17);
INSERT INTO entity_mentions VALUES(588,'MS SQL Server 2005',5,17);
INSERT INTO entity_mentions VALUES(589,'MS SQL Server 2008',5,17);
INSERT INTO entity_mentions VALUES(590,'MS SQL server 2008 R2',5,17);
INSERT INTO entity_mentions VALUES(591,'MS SQL Server 2012',5,17);
INSERT INTO entity_mentions VALUES(592,'MS SQL Server 2014',5,17);
INSERT INTO entity_mentions VALUES(593,'MS SQL Server 2016',5,17);
INSERT INTO entity_mentions VALUES(594,'MS SQL Server MS SQL Server 2008',5,17);
INSERT INTO entity_mentions VALUES(595,'MS SQLServer',5,17);
INSERT INTO entity_mentions VALUES(596,'MSSQL',5,17);
INSERT INTO entity_mentions VALUES(597,'MSSQL Database Server',5,17);
INSERT INTO entity_mentions VALUES(598,'MSSQL2008',5,17);
INSERT INTO entity_mentions VALUES(599,'SQL 2000',5,17);
INSERT INTO entity_mentions VALUES(600,'SQL 2005',5,17);
INSERT INTO entity_mentions VALUES(601,'SQL 2008',5,17);
INSERT INTO entity_mentions VALUES(602,'SQL 2008 R2',5,17);
INSERT INTO entity_mentions VALUES(603,'SQL 2012',5,17);
INSERT INTO entity_mentions VALUES(604,'SQL 2012 Development Server',5,17);
INSERT INTO entity_mentions VALUES(605,'SQL 2014',5,17);
INSERT INTO entity_mentions VALUES(606,'SQl 2016',5,17);
INSERT INTO entity_mentions VALUES(607,'SQLServer',5,17);
INSERT INTO entity_mentions VALUES(608,'SQL Server',5,17);
INSERT INTO entity_mentions VALUES(609,'SQL Server 10.0.2531.0',5,17);
INSERT INTO entity_mentions VALUES(610,'SQL Server 10.0.5538.0',5,17);
INSERT INTO entity_mentions VALUES(611,'SQL Server 10.50.2550.0',5,17);
INSERT INTO entity_mentions VALUES(612,'SQL Server 11.0.2100.60',5,17);
INSERT INTO entity_mentions VALUES(613,'SQL Server 11.0.3156.0',5,17);
INSERT INTO entity_mentions VALUES(614,'SQL Server 11.0.5388.0',5,17);
INSERT INTO entity_mentions VALUES(615,'SQL Server 12.0.2000.8',5,17);
INSERT INTO entity_mentions VALUES(616,'SQL Server 2000',5,17);
INSERT INTO entity_mentions VALUES(617,'SQL Server 2000 SP4',5,17);
INSERT INTO entity_mentions VALUES(618,'SQL Server 2003',5,17);
INSERT INTO entity_mentions VALUES(619,'SQL Server 2005',5,17);
INSERT INTO entity_mentions VALUES(620,'SQL Server 2005 Standard',5,17);
INSERT INTO entity_mentions VALUES(621,'SQL Server 2008',5,17);
INSERT INTO entity_mentions VALUES(622,'SQL SERVER 2008 R2',5,17);
INSERT INTO entity_mentions VALUES(623,'SQL Server 2008 R2 Enterprize SP2 64Bit',5,17);
INSERT INTO entity_mentions VALUES(624,'SQL Server 2008 R2 RTM',5,17);
INSERT INTO entity_mentions VALUES(625,'SQL Server 2008 R2 SP1',5,17);
INSERT INTO entity_mentions VALUES(626,'SQL Server 2008 R2 SP3',5,17);
INSERT INTO entity_mentions VALUES(627,'SQL Server 2008 R2 STD SP1',5,17);
INSERT INTO entity_mentions VALUES(628,'SQL Server 2008 SP1',5,17);
INSERT INTO entity_mentions VALUES(629,'SQL Server 2008 SP4',5,17);
INSERT INTO entity_mentions VALUES(630,'sql server 2008 SQL',5,17);
INSERT INTO entity_mentions VALUES(631,'sql server 2009 SQL',5,17);
INSERT INTO entity_mentions VALUES(632,'sql server 2010 SQL',5,17);
INSERT INTO entity_mentions VALUES(633,'sql server 2011 SQL',5,17);
INSERT INTO entity_mentions VALUES(634,'SQL Server 2012',5,17);
INSERT INTO entity_mentions VALUES(635,'SQL Server 2012 SP2',5,17);
INSERT INTO entity_mentions VALUES(636,'SQL Server 2012 SP3',5,17);
INSERT INTO entity_mentions VALUES(637,'SQL Server 2012 SP4',5,17);
INSERT INTO entity_mentions VALUES(638,'sql server 2012 SQL',5,17);
INSERT INTO entity_mentions VALUES(639,'sql server 2013 SQL',5,17);
INSERT INTO entity_mentions VALUES(640,'SQL Server 2014',5,17);
INSERT INTO entity_mentions VALUES(641,'SQL Server 2014 SP2',5,17);
INSERT INTO entity_mentions VALUES(642,'SQL Server 2016',5,17);
INSERT INTO entity_mentions VALUES(643,'SQL Server 2016 SP1',5,17);
INSERT INTO entity_mentions VALUES(644,'SQL Server 2016 SP2',5,17);
INSERT INTO entity_mentions VALUES(645,'SQL Server 2017 RTM',5,17);
INSERT INTO entity_mentions VALUES(646,'SQL Server 9.0.1399.0',5,17);
INSERT INTO entity_mentions VALUES(647,'SQL Server 9.0.5069.0',5,17);
INSERT INTO entity_mentions VALUES(648,'sql2000',5,17);
INSERT INTO entity_mentions VALUES(649,'SQLSVR2008',5,17);
INSERT INTO entity_mentions VALUES(650,'microsoft sql',5,17);
INSERT INTO entity_mentions VALUES(651,'My SQL 0',5,18);
INSERT INTO entity_mentions VALUES(652,'MYSQL',5,18);
INSERT INTO entity_mentions VALUES(653,'MySQL AB - MySQL - 15.1',5,18);
INSERT INTO entity_mentions VALUES(654,'MySQL AB - MySQL Server 5.5',5,18);
INSERT INTO entity_mentions VALUES(655,'MySQL AB - MySQL Server 5.7',5,18);
INSERT INTO entity_mentions VALUES(656,'MySQL Enterprise Server - 8.0.16',5,18);
INSERT INTO entity_mentions VALUES(657,'MySQL Instance',5,18);
INSERT INTO entity_mentions VALUES(658,'mysql on linux',5,18);
INSERT INTO entity_mentions VALUES(659,'Sun - Sun Microsystems MySQL Server Community Edition 5.6',5,18);
INSERT INTO entity_mentions VALUES(660,'Nexus',5,19);
INSERT INTO entity_mentions VALUES(661,'Nexus Repository OSS',5,19);
INSERT INTO entity_mentions VALUES(662,'Nginx',3,30);
INSERT INTO entity_mentions VALUES(663,'Nginx (Linux)',3,30);
INSERT INTO entity_mentions VALUES(664,'Nginx 1',3,30);
INSERT INTO entity_mentions VALUES(665,'Nginx 1 (Linux)',3,30);
INSERT INTO entity_mentions VALUES(666,'Nginx 3',3,30);
INSERT INTO entity_mentions VALUES(667,'Nginx 3 (Linux)',3,30);
INSERT INTO entity_mentions VALUES(668,'node',4,95);
INSERT INTO entity_mentions VALUES(669,'Node.js 0.10',4,95);
INSERT INTO entity_mentions VALUES(670,'Node.js 0.10 (Linux)',4,95);
INSERT INTO entity_mentions VALUES(671,'Node.js 0.12',4,95);
INSERT INTO entity_mentions VALUES(672,'Node.js 0.8',4,95);
INSERT INTO entity_mentions VALUES(673,'Node.js 10',4,95);
INSERT INTO entity_mentions VALUES(674,'Node.js 4',4,95);
INSERT INTO entity_mentions VALUES(675,'Node.js 4 (Linux)',4,95);
INSERT INTO entity_mentions VALUES(676,'Node.js 5',4,95);
INSERT INTO entity_mentions VALUES(677,'Node.js 6',4,95);
INSERT INTO entity_mentions VALUES(678,'Node.js 8',4,95);
INSERT INTO entity_mentions VALUES(679,'Nodejs',4,95);
INSERT INTO entity_mentions VALUES(680,'Nodejs Foundation - nodejs - node.js 11.7.0',4,95);
INSERT INTO entity_mentions VALUES(681,'TS-Node.js 0.10',4,95);
INSERT INTO entity_mentions VALUES(682,'TS-Node.js 11',4,95);
INSERT INTO entity_mentions VALUES(683,'TS-Node.js 6',4,95);
INSERT INTO entity_mentions VALUES(684,'TS-Node.js 8',4,95);
INSERT INTO entity_mentions VALUES(685,'Node.js',4,95);
INSERT INTO entity_mentions VALUES(686,'Obj-C',1,44);
INSERT INTO entity_mentions VALUES(687,'Objective C',1,44);
INSERT INTO entity_mentions VALUES(688,'Objective-C',1,44);
INSERT INTO entity_mentions VALUES(689,'Symas OpenLDAP',5,20);
INSERT INTO entity_mentions VALUES(690,'OpenLDAP',5,20);
INSERT INTO entity_mentions VALUES(691,'Esapi',2,91);
INSERT INTO entity_mentions VALUES(692,'OWASP Enterprise Security API',2,91);
INSERT INTO entity_mentions VALUES(693,'OWASP Enterprise Security API (ESAPI)',2,91);
INSERT INTO entity_mentions VALUES(694,'Perl',1,45);
INSERT INTO entity_mentions VALUES(695,'Perl 5.8.4',1,45);
INSERT INTO entity_mentions VALUES(696,'ActiveState Tool Corp. - ActivePerl 5.12',1,46);
INSERT INTO entity_mentions VALUES(697,'ActiveState Tool Corp. - ActivePerl 5.8',1,46);
INSERT INTO entity_mentions VALUES(698,'ActivePerl',1,46);
INSERT INTO entity_mentions VALUES(699,'ORAPERL',2,92);
INSERT INTO entity_mentions VALUES(700,'REX',1,47);
INSERT INTO entity_mentions VALUES(701,'PHP',1,48);
INSERT INTO entity_mentions VALUES(702,'PHP 5.4',1,48);
INSERT INTO entity_mentions VALUES(703,'postgres',5,21);
INSERT INTO entity_mentions VALUES(704,'PostGreSQL',5,21);
INSERT INTO entity_mentions VALUES(705,'PostgreSQL 0',5,21);
INSERT INTO entity_mentions VALUES(706,'Postgress',5,21);
INSERT INTO entity_mentions VALUES(707,'Python',1,49);
INSERT INTO entity_mentions VALUES(708,'Python - Python - Python 2',1,49);
INSERT INTO entity_mentions VALUES(709,'Python 2',1,49);
INSERT INTO entity_mentions VALUES(710,'Python Software Foundation - Python 2.6',1,49);
INSERT INTO entity_mentions VALUES(711,'rabbit mq',5,22);
INSERT INTO entity_mentions VALUES(712,'RMQ',5,22);
INSERT INTO entity_mentions VALUES(713,'RabbitMQ',5,22);
INSERT INTO entity_mentions VALUES(714,'redis',5,23);
INSERT INTO entity_mentions VALUES(715,'Ruby',1,50);
INSERT INTO entity_mentions VALUES(716,'SAS',1,51);
INSERT INTO entity_mentions VALUES(717,'SAS 9.2',1,51);
INSERT INTO entity_mentions VALUES(718,'Spark',3,31);
INSERT INTO entity_mentions VALUES(719,'Splunk',5,24);
INSERT INTO entity_mentions VALUES(720,'Swift',1,52);
INSERT INTO entity_mentions VALUES(721,'VMware - VMware Tools 10.2',5,25);
INSERT INTO entity_mentions VALUES(722,'VMware Tools',5,25);
INSERT INTO entity_mentions VALUES(723,'IBM - WebSphere Application Server - Base 8.5',3,32);
INSERT INTO entity_mentions VALUES(724,'IBM WebSphere',3,32);
INSERT INTO entity_mentions VALUES(725,'IBM WebSphere 8.5',3,32);
INSERT INTO entity_mentions VALUES(726,'websphere',3,32);
INSERT INTO entity_mentions VALUES(727,'websphere  8.0.0.4',3,32);
INSERT INTO entity_mentions VALUES(728,'IBM WebSphere Application',3,32);
INSERT INTO entity_mentions VALUES(729,'IBM WebSphere Application Server 8.5',3,32);
INSERT INTO entity_mentions VALUES(730,'IBM WebSphere Application Server Network Deployment 7',3,32);
INSERT INTO entity_mentions VALUES(731,'IBM WebSphere Application Server Network Deployment, 8.0.0.5',3,32);
INSERT INTO entity_mentions VALUES(732,'IBM WEBSPHERE APPLICATION SERVER VERSION 6.1.0',3,32);
INSERT INTO entity_mentions VALUES(733,'WAS',3,32);
INSERT INTO entity_mentions VALUES(734,'WAS 6.1',3,32);
INSERT INTO entity_mentions VALUES(735,'WAS 6.x',3,32);
INSERT INTO entity_mentions VALUES(736,'WAS 7',3,32);
INSERT INTO entity_mentions VALUES(737,'WAS ND8.5',3,32);
INSERT INTO entity_mentions VALUES(738,'WAS7',3,32);
INSERT INTO entity_mentions VALUES(739,'Websphere (WAS7)',3,32);
INSERT INTO entity_mentions VALUES(740,'WebSphere 7.0.0.27',3,32);
INSERT INTO entity_mentions VALUES(741,'Websphere 9.0',3,32);
INSERT INTO entity_mentions VALUES(742,'WEBSPHERE APPLICATION SERVER',3,32);
INSERT INTO entity_mentions VALUES(743,'WEBSPHERE APPLICATION SERVER - BASE VERSION 8.5.5',3,32);
INSERT INTO entity_mentions VALUES(744,'WebSphere Application Server 5.0',3,32);
INSERT INTO entity_mentions VALUES(745,'WebSphere Application Server 5.1',3,32);
INSERT INTO entity_mentions VALUES(746,'WEBSPHERE APPLICATION SERVER 6.1',3,32);
INSERT INTO entity_mentions VALUES(747,'Websphere Application Server 6.x',3,32);
INSERT INTO entity_mentions VALUES(748,'WEBSPHERE APPLICATION SERVER 8',3,32);
INSERT INTO entity_mentions VALUES(749,'WebSphere Application Server 8.0',3,32);
INSERT INTO entity_mentions VALUES(750,'WebSphere Application Server 8.5',3,32);
INSERT INTO entity_mentions VALUES(751,'WebSphere Application Server 8.5.1',3,32);
INSERT INTO entity_mentions VALUES(752,'WEBSPHERE APPLICATION SERVER 8.5.5',3,32);
INSERT INTO entity_mentions VALUES(753,'Websphere Application Server 8.5.5.11',3,32);
INSERT INTO entity_mentions VALUES(754,'WebSphere Application Server 8.5.5.6',3,32);
INSERT INTO entity_mentions VALUES(755,'WebSphere Application Server 8.5.5.8',3,32);
INSERT INTO entity_mentions VALUES(756,'WebSphere 8.0.0.4',3,32);
INSERT INTO entity_mentions VALUES(757,'WebSphere Application Server 6.1 (WAS)',3,32);
INSERT INTO entity_mentions VALUES(758,'WebSphere Application Server 8.5 (WAS)',3,32);
INSERT INTO entity_mentions VALUES(759,'WebSphere Application Server 9.0',3,32);
INSERT INTO entity_mentions VALUES(760,'Websphere AS (JVM)',3,32);
INSERT INTO entity_mentions VALUES(761,'WebSphere Application Server (WAS)',3,32);
INSERT INTO entity_mentions VALUES(762,'WebSphere App Server',3,32);
INSERT INTO entity_mentions VALUES(763,'WebSphere Liberty',3,33);
INSERT INTO entity_mentions VALUES(764,'WebSphere Application Server Liberty',3,33);
INSERT INTO entity_mentions VALUES(765,'WAS Liberty',3,33);
INSERT INTO entity_mentions VALUES(766,'Open Liberty',3,33);
INSERT INTO entity_mentions VALUES(767,'OpenStack Liberty',3,33);
INSERT INTO entity_mentions VALUES(768,'IBM WebSphere Liberty',3,33);
INSERT INTO entity_mentions VALUES(769,'IBM WebSphere Application Server Liberty',3,33);
INSERT INTO entity_mentions VALUES(770,'IBM WAS Liberty',3,33);
INSERT INTO entity_mentions VALUES(771,'IBM Open Liberty',3,33);
INSERT INTO entity_mentions VALUES(772,'IBM OpenStack Liberty',3,33);
INSERT INTO entity_mentions VALUES(773,'IBM Cloud WebSphere Liberty',3,33);
INSERT INTO entity_mentions VALUES(774,'Wherescape Red',5,26);
DELETE FROM sqlite_sequence;
INSERT INTO sqlite_sequence VALUES('entity_types',6);
INSERT INTO sqlite_sequence VALUES('entities',105);
INSERT INTO sqlite_sequence VALUES('entity_mentions',774);
COMMIT;
