PRAGMA foreign_keys=OFF;
BEGIN TRANSACTION;
CREATE TABLE entity_types (
                                        id integer PRIMARY KEY AUTOINCREMENT,
                                        entity_type_name text NOT NULL
                                    );
INSERT INTO entity_types VALUES(1,'Lib');
INSERT INTO entity_types VALUES(2,'Lang');
INSERT INTO entity_types VALUES(3,'App');
INSERT INTO entity_types VALUES(4,'Runtime');
INSERT INTO entity_types VALUES(5,'OS');
INSERT INTO entity_types VALUES(6,'App Server');
INSERT INTO entity_types VALUES(7,'Runlib');
CREATE TABLE entities (
                                        id integer PRIMARY KEY AUTOINCREMENT,
                                        entity_name text NOT NULL,
                                        entity_type_id integer NOT NULL,
                                        external_link text,
                                        FOREIGN KEY (entity_type_id) REFERENCES entity_types (id)                                    
                                    );
INSERT INTO entities VALUES(1, 'Ansible', 3, '{''name'': ''Ansible (software)'', ''qid'': ''Q2852503'', ''types'': [''Q29032804''], ''url'': ''http://dbpedia.org/resource/Ansible_(software)'', ''score'': 85.49159}');
INSERT INTO entities VALUES(2, 'Apache ActiveMQ', 3, '{''name'': ''Apache ActiveMQ'', ''qid'': ''Q773135'', ''types'': [''Q6821765'', ''Q1092177'', ''Q341''], ''url'': ''http://dbpedia.org/resource/Apache_ActiveMQ'', ''score'': 83.98421}');
INSERT INTO entities VALUES(3, 'Apache Hive', 3, '{''name'': ''Apache Hive'', ''qid'': ''Q4778914'', ''types'': [''Q341'', ''Q3932296''], ''url'': ''http://dbpedia.org/resource/Apache_Hive'', ''score'': 83.506134}');
INSERT INTO entities VALUES(4, 'Apache Kafka', 3, '{''name'': ''Apache Kafka'', ''qid'': ''Q16235208'', ''types'': [''Q1092177''], ''url'': ''http://dbpedia.org/resource/Apache_Kafka'', ''score'': 84.29118}');
INSERT INTO entities VALUES(5, 'Apache Solr', 3, '{''name'': ''Apache Solr'', ''qid'': ''Q2858103'', ''types'': [''Q19541'', ''Q341''], ''url'': ''http://dbpedia.org/resource/Apache_Solr'', ''score'': 88.71611}');
INSERT INTO entities VALUES(6, 'DB2', 3, '{''name'': ''IBM Db2 Family'', ''qid'': ''Q431195'', ''types'': [''Q3932296''], ''url'': ''http://dbpedia.org/resource/IBM_DB2'', ''score'': 80.67953}');
INSERT INTO entities VALUES(7, 'Hadoop', 3, '{''name'': ''Apache Hadoop'', ''qid'': ''Q29120'', ''types'': [''Q271680''], ''url'': ''http://dbpedia.org/resource/Apache_Hadoop'', ''score'': 82.6098}');
INSERT INTO entities VALUES(8, 'IBM Maximo', 3, '{''name'': ''Maximo (software)'', ''qid'': ''Q55622518'', ''types'': [''Q7397''], ''url'': ''http://dbpedia.org/resource/Maximo_(MRO)'', ''score'': 83.01775}');
INSERT INTO entities VALUES(9, 'IBM Operational Decision Manager (ODM)', 3, '{''name'': ''IBM Operational Decision Management'', ''qid'': ''Q16928000'', ''types'': [''None''], ''url'': ''http://dbpedia.org/resource/IBM_Operational_Decision_Management'', ''score'': 87.653046}');
INSERT INTO entities VALUES(10, 'IBM Websphere MQ', 3, '{''name'': ''IBM MQ'', ''qid'': ''Q528294'', ''types'': [''Q1092177''], ''url'': ''http://dbpedia.org/resource/IBM_WebSphere_MQ'', ''score'': 83.18358}');
INSERT INTO entities VALUES(11, 'IBM WebSphere Transformation Extender (WTX)', 3, '{''name'': ''IBM WebSphere Adapters'', ''qid'': ''Q5969131'', ''types'': [''None''], ''url'': ''http://dbpedia.org/resource/IBM_WebSphere_Adapters'', ''score'': 80.69123}');
INSERT INTO entities VALUES(12, 'Ingres', 3, '{''name'': ''Ingres (database)'', ''qid'': ''Q60463'', ''types'': [''Q1130645'', ''Q3932296''], ''url'': ''http://dbpedia.org/resource/Ingres_(database)'', ''score'': 77.11244}');
INSERT INTO entities VALUES(13, 'JBoss|JBoss Enterprise Service Bus', 3, '{''name'': ''JBoss Enterprise Application Platform'', ''qid'': ''Q1099067'', ''types'': [''Q341''], ''url'': ''http://dbpedia.org/resource/JBoss_Enterprise_Application_Platform'', ''score'': 84.48228}');
INSERT INTO entities VALUES(14, 'Jenkins', 3, '{''name'': ''Jenkins (software)'', ''qid'': ''Q7491312'', ''types'': [''Q16947796''], ''url'': ''http://dbpedia.org/resource/Jenkins_(software)'', ''score'': 80.26929}');
INSERT INTO entities VALUES(15, 'MarkLogic DB', 3, '{''name'': ''MarkLogic'', ''qid'': ''Q6766381'', ''types'': [''Q4830453''], ''url'': ''http://dbpedia.org/resource/MarkLogic'', ''score'': 81.93617}');
INSERT INTO entities VALUES(16, 'Memcached', 3, '{''name'': ''Memcached'', ''qid'': ''Q306661'', ''types'': [''Q165596'', ''Q341''], ''url'': ''http://dbpedia.org/resource/Memcached'', ''score'': 84.792145}');
INSERT INTO entities VALUES(17, 'MongoDB', 3, '{''name'': ''MongoDB'', ''qid'': ''Q1165204'', ''types'': [''Q1235236'', ''Q176165'', ''Q82231''], ''url'': ''http://dbpedia.org/resource/MongoDB'', ''score'': 81.76932}');
INSERT INTO entities VALUES(18, 'MS SQL Server', 3, '{''name'': ''Microsoft SQL Server'', ''qid'': ''Q215819'', ''types'': [''Q218616'', ''Q3932296''], ''url'': ''http://dbpedia.org/resource/Microsoft_SQL_Server'', ''score'': 80.1425}');
INSERT INTO entities VALUES(19, 'MySQL', 3, '{''name'': ''MySQL'', ''qid'': ''Q850'', ''types'': [''Q1371279'', ''Q1130645'', ''Q3932296''], ''url'': ''http://dbpedia.org/resource/MySQL'', ''score'': 85.28488}');
INSERT INTO entities VALUES(20, 'Nexus Repository OSS', 3, '{''name'': ''Nexus Recycling Management System'', ''qid'': ''Q17037154'', ''types'': [''Q7397''], ''url'': ''http://dbpedia.org/resource/Nexus_Recycling_Management_System'', ''score'': 82.18759}');
INSERT INTO entities VALUES(21, 'OpenLDAP', 3, '{''name'': ''OpenLDAP'', ''qid'': ''Q682918'', ''types'': [''Q341''], ''url'': ''http://dbpedia.org/resource/OpenLDAP'', ''score'': 82.866486}');
INSERT INTO entities VALUES(22, 'PostgreSQL', 3, '{''name'': ''PostgreSQL'', ''qid'': ''Q192490'', ''types'': [''Q341'', ''Q3932296''], ''url'': ''http://dbpedia.org/resource/PostgreSQL'', ''score'': 86.56457}');
INSERT INTO entities VALUES(23, 'RabbitMQ', 3, '{''name'': ''RabbitMQ'', ''qid'': ''Q2081413'', ''types'': [''Q6821765'', ''Q341''], ''url'': ''http://dbpedia.org/resource/RabbitMQ'', ''score'': 81.20438}');
INSERT INTO entities VALUES(24, 'Redis', 3, '{''name'': ''Redis'', ''qid'': ''Q2136322'', ''types'': [''Q82231''], ''url'': ''http://dbpedia.org/resource/Redis'', ''score'': 83.20407}');
INSERT INTO entities VALUES(25, 'Splunk', 3, '{''name'': ''Splunk'', ''qid'': ''Q1835753'', ''types'': [''Q1058914'', ''Q6881511'', ''Q4830453''], ''url'': ''http://dbpedia.org/resource/Splunk'', ''score'': 82.405914}');
INSERT INTO entities VALUES(26, 'VMware Tools', 3, '{''name'': ''VMware'', ''qid'': ''Q11407'', ''types'': [''Q6881511'', ''Q4830453''], ''url'': ''http://dbpedia.org/resource/VMware'', ''score'': 80.460396}');
INSERT INTO entities VALUES(27, 'Wherescape Red', 3, '{''name'': ''WhereScape'', ''qid'': ''Q7993153'', ''types'': [''Q4830453''], ''url'': ''http://dbpedia.org/resource/WhereScape'', ''score'': 83.06719}');
INSERT INTO entities VALUES(28, 'Apache HTTP Server', 6, '{''name'': ''Apache HTTP Server'', ''qid'': ''Q11354'', ''types'': [''Q11288''], ''url'': ''http://dbpedia.org/resource/Apache_HTTP_Server'', ''score'': 84.40736}');
INSERT INTO entities VALUES(29, 'Apache Tomcat', 6, '{''name'': ''Apache Tomcat'', ''qid'': ''Q507430'', ''types'': [''Q71550''], ''url'': ''http://dbpedia.org/resource/Apache_Tomcat'', ''score'': 86.58554}');
INSERT INTO entities VALUES(30, 'HAProxy', 6, '{''name'': ''HAProxy'', ''qid'': ''Q5628948'', ''types'': [''Q341''], ''url'': ''http://dbpedia.org/resource/HAProxy'', ''score'': 81.07976}');
INSERT INTO entities VALUES(31, 'JBoss', 6, '{''name'': ''JBoss (company)'', ''qid'': ''Q485593'', ''types'': [''Q6881511'', ''Q4830453''], ''url'': ''http://dbpedia.org/resource/JBoss_(company)'', ''score'': 82.23151}');
INSERT INTO entities VALUES(32, 'JBoss|*', 6, '{''name'': ''JBoss (company)'', ''qid'': ''Q485593'', ''types'': [''Q6881511'', ''Q4830453''], ''url'': ''http://dbpedia.org/resource/JBoss_(company)'', ''score'': 82.226105}');
INSERT INTO entities VALUES(33, 'Nginx', 6, '{''name'': ''Nginx'', ''qid'': ''Q306144'', ''types'': [''Q11288''], ''url'': ''http://dbpedia.org/resource/Nginx'', ''score'': 82.1052}');
INSERT INTO entities VALUES(34, 'Spark', 6, '{''name'': ''Spark (software)'', ''qid'': ''Q20712258'', ''types'': [''Q1330336''], ''url'': ''http://dbpedia.org/resource/Spark_(software)'', ''score'': 81.12588}');
INSERT INTO entities VALUES(35, 'Websphere Application Server (WAS)', 6, '{''name'': ''IBM WebSphere Application Server'', ''qid'': ''Q81612'', ''types'': [''Q1330336'', ''Q71550''], ''url'': ''http://dbpedia.org/resource/IBM_WebSphere_Application_Server'', ''score'': 82.109505}');
INSERT INTO entities VALUES(36, 'WebSphere Liberty', 6, '{''name'': ''List of free and open-source web applications'', ''qid'': ''Q6621370'', ''types'': [''Q13406463''], ''url'': ''http://dbpedia.org/resource/List_of_free_software_web_applications'', ''score'': 80.048775}');
INSERT INTO entities VALUES(37, 'C++', 2, '{''name'': ''C++'', ''qid'': ''Q2407'', ''types'': [''Q28923026'', ''Q12772052'', ''Q28922885'', ''Q899523'', ''Q3839507'', ''Q9143'', ''Q5499621'', ''Q651794''], ''url'': ''http://dbpedia.org/resource/C++'', ''score'': 83.96228}');
INSERT INTO entities VALUES(38, 'C++|Visual C++', 2, '{''name'': ''Microsoft Visual C++'', ''qid'': ''Q847296'', ''types'': [''Q13741'', ''Q4117406''], ''url'': ''http://dbpedia.org/resource/Visual_C++'', ''score'': 81.50828}');
INSERT INTO entities VALUES(39, 'Go', 2, '{''name'': ''Go (programming language)'', ''qid'': ''Q37227'', ''types'': [''Q12772052'', ''Q28922885'', ''Q899523'', ''Q28920117'', ''Q9143'', ''Q28919943'', ''Q21562092'', ''Q651794''], ''url'': ''http://dbpedia.org/resource/Go_(programming_language)'', ''score'': 80.39589}'); 
INSERT INTO entities VALUES(40, 'Java', 2, '{''name'': ''Java (programming language)'', ''qid'': ''Q251'', ''types'': [''Q12772052'', ''Q56062429'', ''Q9143''], ''url'': ''http://dbpedia.org/resource/Java_(programming_language)'', ''score'': 80.419464}');
INSERT INTO entities VALUES(41, 'Java|Extensible Stylesheet Language (XSL)', 2, '{''name'': ''XSL'', ''qid'': ''Q32061'', ''types'': [''Q1029123'', ''Q235557''], ''url'': ''http://dbpedia.org/resource/XSL'', ''score'': 84.74439}');
INSERT INTO entities VALUES(42, 'Java|Java Enterprise Edition (Java EE)', 2, '{''name'': ''Java Platform, Enterprise Edition'', ''qid'': ''Q193247'', ''types'': [''Q1330336'', ''Q27493'', ''Q241317''], ''url'': ''http://dbpedia.org/resource/Java_Platform,_Enterprise_Edition'', ''score'': 83.33119}');
INSERT INTO entities VALUES(43, 'Java|Java Standard Edition (Java SE)', 2, '{''name'': ''Java Platform, Standard Edition'', ''qid'': ''Q747478'', ''types'': [''None''], ''url'': ''http://dbpedia.org/resource/Java_Platform,_Standard_Edition'', ''score'': 85.89982}');
INSERT INTO entities VALUES(44, 'Java|JavaServer Pages (JSP)', 2, '{''name'': ''JavaServer Pages'', ''qid'': ''Q183169'', ''types'': [''Q351507'', ''Q20819677'', ''Q1650567'', ''Q235557''], ''url'': ''http://dbpedia.org/resource/JavaServer_Pages'', ''score'': 85.098564}');
INSERT INTO entities VALUES(45, 'Java|JavaServer Pages (JSP)|Scriptlets', 2, '{''name'': ''Java (programming language)'', ''qid'': ''Q251'', ''types'': [''Q12772052'', ''Q56062429'', ''Q9143''], ''url'': ''http://dbpedia.org/resource/Java_(programming_language)'', ''score'': 80.0939}');
INSERT INTO entities VALUES(46, 'JavaScript', 2, '{''name'': ''JavaScript'', ''qid'': ''Q2005'', ''types'': [''Q241317'', ''Q12772052'', ''Q3839507'', ''Q187432'', ''Q9143'', ''Q28920810'', ''Q21562092'', ''Q28920813'', ''Q1993334''], ''url'': ''http://dbpedia.org/resource/JavaScript'', ''score'': 81.10689}');
INSERT INTO entities VALUES(47, 'Objective C', 2, '{''name'': ''Objective-C'', ''qid'': ''Q188531'', ''types'': [''Q12772052'', ''Q28922858'', ''Q899523'', ''Q9143'', ''Q28922893''], ''url'': ''http://dbpedia.org/resource/Objective-C'', ''score'': 82.52398}');
INSERT INTO entities VALUES(48, 'Perl', 2, '{''name'': ''Perl'', ''qid'': ''Q42478'', ''types'': [''Q9143''], ''url'': ''http://dbpedia.org/resource/Perl'', ''score'': 85.61049}');
INSERT INTO entities VALUES(49, 'Perl|ActivePerl', 2, '{''name'': ''ActivePerl'', ''qid'': ''Q4033363'', ''types'': [''Q7397''], ''url'': ''http://dbpedia.org/resource/ActivePerl'', ''score'': 84.292564}');
INSERT INTO entities VALUES(50, 'Perl|Rex', 2, '{''name'': ''Perl'', ''qid'': ''Q42478'', ''types'': [''Q9143''], ''url'': ''http://dbpedia.org/resource/Perl'', ''score'': 79.43059}');
INSERT INTO entities VALUES(51, 'PHP', 2, '{''name'': ''PHP'', ''qid'': ''Q59'', ''types'': [''Q1993334''], ''url'': ''http://dbpedia.org/resource/PHP'', ''score'': 80.896286}');
INSERT INTO entities VALUES(52, 'Python', 2, '{''name'': ''Python (programming language)'', ''qid'': ''Q28865'', ''types'': [''Q899523''], ''url'': ''http://dbpedia.org/resource/Python_(programming_language)'', ''score'': 83.15874}');
INSERT INTO entities VALUES(53, 'Ruby', 2, '{''name'': ''Ruby (programming language)'', ''qid'': ''Q161053'', ''types'': [''Q899523''], ''url'': ''http://dbpedia.org/resource/Ruby_(programming_language)'', ''score'': 81.75676}');
INSERT INTO entities VALUES(54, 'SAS', 2, '{''name'': ''SAS (software)'', ''qid'': ''Q2003932'', ''types'': [''Q9143'', ''Q13199995'', ''Q238137''], ''url'': ''http://dbpedia.org/resource/SAS_(software)'', ''score'': 83.83615}');
INSERT INTO entities VALUES(55, 'Swift', 2, '{''name'': ''Swift (programming language)'', ''qid'': ''Q17118377'', ''types'': [''Q12772052'', ''Q28923023'', ''Q3839507'', ''Q899523'', ''Q341'', ''Q9143'', ''Q21562092''], ''url'': ''http://dbpedia.org/resource/Swift_(programming_language)'', ''score'': 81.56781}');        
INSERT INTO entities VALUES(56, 'Java|Apache Camel', 1, '{''name'': ''Apache Camel'', ''qid'': ''Q616626'', ''types'': [''Q341''], ''url'': ''http://dbpedia.org/resource/Apache_Camel'', ''score'': 83.96324}');
INSERT INTO entities VALUES(57, 'Java|Apache Commons BeanUtils', 1, '{''name'': ''Java Class Library'', ''qid'': ''Q115576'', ''types'': [''Q341'', ''Q188860'', ''Q21127166''], ''url'': ''http://dbpedia.org/resource/Java_Class_Library'', ''score'': 80.99774}');
INSERT INTO entities VALUES(58, 'Java|Apache PDFBox', 1, '{''name'': ''Apache PDFBox'', ''qid'': ''Q17512395'', ''types'': [''Q21127166'', ''Q341''], ''url'': ''http://dbpedia.org/resource/Apache_PDFBox'', ''score'': 85.64881}');
INSERT INTO entities VALUES(59, 'Java|Apache Velocity', 1, '{''name'': ''Apache Velocity'', ''qid'': ''Q617156'', ''types'': [''Q351507'', ''Q21127166''], ''url'': ''http://dbpedia.org/resource/Apache_Velocity'', ''score'': 84.354546}');
INSERT INTO entities VALUES(60, 'Java|EclipseLink', 1, '{''name'': ''EclipseLink'', ''qid'': ''Q897058'', ''types'': [''Q506883''], ''url'': ''http://dbpedia.org/resource/EclipseLink'', ''score'': 82.75745}');
INSERT INTO entities VALUES(61, 'Java|Enterprise JavaBeans (EJB)', 1, '{''name'': ''Enterprise JavaBeans'', ''qid'': ''Q742961'', ''types'': [''Q20819677'', ''Q609588''], ''url'': ''http://dbpedia.org/resource/Enterprise_JavaBeans'', ''score'': 83.871635}');
INSERT INTO entities VALUES(62, 'Java|EZMorph', 1, '{''name'': ''Enterprise JavaBeans'', ''qid'': ''Q742961'', ''types'': [''Q20819677'', ''Q609588''], ''url'': ''http://dbpedia.org/resource/Enterprise_JavaBeans'', ''score'': 81.35626}');
INSERT INTO entities VALUES(63, 'Java|Google Web Toolkit (GWT)', 1, '{''name'': ''Google Web Toolkit'', ''qid'': ''Q79578'', ''types'': [''Q2533324'', ''Q1193246'', ''Q341''], ''url'': ''http://dbpedia.org/resource/Google_Web_Toolkit'', ''score'': 83.53073}');
INSERT INTO entities VALUES(64, 'Java|Hibernate', 1, '{''name'': ''Hibernate (framework)'', ''qid'': ''Q747866'', ''types'': [''Q1172354'', ''Q7170392'', ''Q58748'', ''Q5227234'', ''Q341'', ''Q271680''], ''url'': ''http://dbpedia.org/resource/Hibernate_(framework)'', ''score'': 80.88881}');
INSERT INTO entities VALUES(65, 'Java|IBM SDK', 1, '{''name'': ''Java Development Kit'', ''qid'': ''Q741303'', ''types'': [''Q467707''], ''url'': ''http://dbpedia.org/resource/Java_Development_Kit'', ''score'': 85.69025}');
INSERT INTO entities VALUES(66, 'Java|Java Development Kit (JDK)', 1, '{''name'': ''Java Development Kit'', ''qid'': ''Q741303'', ''types'': [''Q467707''], ''url'': ''http://dbpedia.org/resource/Java_Development_Kit'', ''score'': 85.850845}');
INSERT INTO entities VALUES(67, 'Java|Java Message Service (JMS)', 1, '{''name'': ''Java Message Service'', ''qid'': ''Q755515'', ''types'': [''Q20819677'', ''Q1092177''], ''url'': ''http://dbpedia.org/resource/Java_Message_Service'', ''score'': 86.23158}');
INSERT INTO entities VALUES(68, 'Java|Java Web Start', 1, '{''name'': ''Java Web Start'', ''qid'': ''Q33079'', ''types'': [''Q271680''], ''url'': ''http://dbpedia.org/resource/Java_Web_Start'', ''score'': 83.40202}');
INSERT INTO entities VALUES(69, 'Java|JavaServer Faces (JSF)', 1, '{''name'': ''JavaServer Faces'', ''qid'': ''Q729427'', ''types'': [''Q1330336'', ''Q20819677''], ''url'': ''http://dbpedia.org/resource/JavaServer_Faces'', ''score'': 86.40024}');
INSERT INTO entities VALUES(70, 'Java|JDBC', 1, '{''name'': ''Java Database Connectivity'', ''qid'': ''Q722772'', ''types'': [''Q1172354'', ''Q165194'', ''Q7397''], ''url'': ''http://dbpedia.org/resource/Java_Database_Connectivity'', ''score'': 79.150215}');
INSERT INTO entities VALUES(71, 'Java|JRuby Core', 1, '{''name'': ''Java Development Kit'', ''qid'': ''Q741303'', ''types'': [''Q467707''], ''url'': ''http://dbpedia.org/resource/Java_Development_Kit'', ''score'': 81.40993}');
INSERT INTO entities VALUES(72, 'Java|Log4j', 1, '{''name'': ''Log4j'', ''qid'': ''Q286923'', ''types'': [''Q22003134''], ''url'': ''http://dbpedia.org/resource/Log4j'', ''score'': 80.95648}');
INSERT INTO entities VALUES(73, 'Java|Quartz', 1, '{''name'': ''Quartz (scheduler)'', ''qid'': ''Q2122405'', ''types'': [''Q341''], ''url'': ''http://dbpedia.org/resource/Quartz_(scheduler)'', ''score'': 78.53386}');
INSERT INTO entities VALUES(74, 'Java|Remote Method Invocation (RMI)', 1, '{''name'': ''Java remote method invocation'', ''qid'': ''Q61902'', ''types'': [''Q1799072''], ''url'': ''http://dbpedia.org/resource/Java_remote_method_invocation'', ''score'': 86.28111}');
INSERT INTO entities VALUES(75, 'Java|Servlet', 1, '{''name'': ''Java servlet'', ''qid'': ''Q375673'', ''types'': [''Q20819677'', ''Q165194''], ''url'': ''http://dbpedia.org/resource/Java_servlet'', ''score'': 84.56266}');
INSERT INTO entities VALUES(76, 'Java|Spring', 1, '{''name'': ''Javaground'', ''qid'': ''Q6165140'', ''types'': [''Q210167''], ''url'': ''http://dbpedia.org/resource/Javaground'', ''score'': 80.07374}');
INSERT INTO entities VALUES(77, 'Java|Spring|Spring Boot', 1, '{''name'': ''Java Development Kit'', ''qid'': ''Q741303'', ''types'': [''Q467707''], ''url'': ''http://dbpedia.org/resource/Java_Development_Kit'', ''score'': 82.562195}');
INSERT INTO entities VALUES(78, 'Java|Spring|Spring Cloud Data Flow', 1, '{''name'': ''Java (software platform)'', ''qid'': ''Q1713118'', ''types'': [''Q241317'', ''Q271680''], ''url'': ''http://dbpedia.org/resource/Java_(software_platform)'', ''score'': 81.87942}');
INSERT INTO entities VALUES(79, 'Java|Spring|Spring MVC', 1, '{''name'': ''Javac'', ''qid'': ''Q306461'', ''types'': [''Q341'', ''Q3081213'', ''Q47506''], ''url'': ''http://dbpedia.org/resource/Javac'', ''score'': 82.48633}');
INSERT INTO entities VALUES(80, 'Java|Struts', 1, '{''name'': ''Apache Struts 1'', ''qid'': ''Q900957'', ''types'': [''Q1330336''], ''url'': ''http://dbpedia.org/resource/Apache_Struts_1'', ''score'': 80.96842}');
INSERT INTO entities VALUES(81, 'Java|Swing', 1, '{''name'': ''Swing (Java)'', ''qid'': ''Q859221'', ''types'': [''Q21127166''], ''url'': ''http://dbpedia.org/resource/Swing_(Java)'', ''score'': 82.30127}');
INSERT INTO entities VALUES(82, 'Java|Vaadin', 1, '{''name'': ''Vaadin'', ''qid'': ''Q1400683'', ''types'': [''Q1330336'', ''Q386275'', ''Q21127166''], ''url'': ''http://dbpedia.org/resource/Vaadin'', ''score'': 81.29747}');
INSERT INTO entities VALUES(83, 'JavaScript|AJAX', 1, '{''name'': ''Ajax (programming)'', ''qid'': ''Q134471'', ''types'': [''Q9143'', ''Q918270'', ''Q101244''], ''url'': ''http://dbpedia.org/resource/Ajax_(programming)'', ''score'': 80.67144}');
INSERT INTO entities VALUES(84, 'JavaScript|AngularJS', 1, '{''name'': ''AngularJS'', ''qid'': ''Q2849803'', ''types'': [''Q188860'', ''Q783866'', ''Q271680''], ''url'': ''http://dbpedia.org/resource/AngularJS'', ''score'': 80.93741}');
INSERT INTO entities VALUES(85, 'JavaScript|Draw2D', 1, '{''name'': ''JavaScript'', ''qid'': ''Q2005'', ''types'': [''Q241317'', ''Q12772052'', ''Q3839507'', ''Q187432'', ''Q9143'', ''Q28920810'', ''Q21562092'', ''Q28920813'', ''Q1993334''], ''url'': ''http://dbpedia.org/resource/JavaScript'', ''score'': 80.4748}');     
INSERT INTO entities VALUES(86, 'JavaScript|Express.js', 1, '{''name'': ''Express.js'', ''qid'': ''Q16878131'', ''types'': [''Q1330336''], ''url'': ''http://dbpedia.org/resource/Express.js'', ''score'': 79.77725}');
INSERT INTO entities VALUES(87, 'JavaScript|Ext JS', 1, '{''name'': ''Ext JS'', ''qid'': ''Q515393'', ''types'': [''Q1193246'', ''Q783866''], ''url'': ''http://dbpedia.org/resource/Ext_JS'', ''score'': 80.83392}');
INSERT INTO entities VALUES(88, 'JavaScript|jqGrid', 1, '{''name'': ''JavaScript'', ''qid'': ''Q2005'', ''types'': [''Q241317'', ''Q12772052'', ''Q3839507'', ''Q187432'', ''Q9143'', ''Q28920810'', ''Q21562092'', ''Q28920813'', ''Q1993334''], ''url'': ''http://dbpedia.org/resource/JavaScript'', ''score'': 79.52392}');    
INSERT INTO entities VALUES(89, 'JavaScript|JQuery', 1, '{''name'': ''JQuery'', ''qid'': ''Q230036'', ''types'': [''Q170584'', ''Q188860'', ''Q783866''], ''url'': ''http://dbpedia.org/resource/JQuery'', ''score'': 81.962555}');
INSERT INTO entities VALUES(90, 'JavaScript|Jquery|jQuery UI', 1, '{''name'': ''JavaScript'', ''qid'': ''Q2005'', ''types'': [''Q241317'', ''Q12772052'', ''Q3839507'', ''Q187432'', ''Q9143'', ''Q28920810'', ''Q21562092'', ''Q28920813'', ''Q1993334''], ''url'': ''http://dbpedia.org/resource/JavaScript'', ''score'': 82.83728}');
INSERT INTO entities VALUES(91, 'JavaScript|React', 1, '{''name'': ''React (JavaScript library)'', ''qid'': ''Q19399674'', ''types'': [''Q1330336'', ''Q783866'', ''Q341''], ''url'': ''http://dbpedia.org/resource/React_(JavaScript_library)'', ''score'': 79.86882}');
INSERT INTO entities VALUES(92, 'JavaScript|script.aculo.us', 1, '{''name'': ''Script.aculo.us'', ''qid'': ''Q309509'', ''types'': [''Q188860'', ''Q783866''], ''url'': ''http://dbpedia.org/resource/Script.aculo.us'', ''score'': 77.9003}');
INSERT INTO entities VALUES(93, 'JavaScript|Valums AJAX File Uploader', 1, '{''name'': ''JavaScript'', ''qid'': ''Q2005'', ''types'': [''Q241317'', ''Q12772052'', ''Q3839507'', ''Q187432'', ''Q9143'', ''Q28920810'', ''Q21562092'', ''Q28920813'', ''Q1993334''], ''url'': ''http://dbpedia.org/resource/JavaScript'', ''score'': 81.84862}');
INSERT INTO entities VALUES(94, 'OWASP Enterprise Security API (ESAPI)', 1, '{''name'': ''Enterprise information security architecture'', ''qid'': ''Q5380386'', ''types'': [''None''], ''url'': ''http://dbpedia.org/resource/Enterprise_information_security_architecture'', ''score'': 81.05485}');
INSERT INTO entities VALUES(95, 'Perl|Oraperl', 1, '{''name'': ''Perl'', ''qid'': ''Q42478'', ''types'': [''Q9143''], ''url'': ''http://dbpedia.org/resource/Perl'', ''score'': 78.80545}');
INSERT INTO entities VALUES(96, 'Linux', 5, '{''name'': ''Linux'', ''qid'': ''Q388'', ''types'': [''Q14656'', ''Q16889133'', ''Q341''], ''url'': ''http://dbpedia.org/resource/Linux'', ''score'': 84.55427}');
INSERT INTO entities VALUES(97, 'Linux|Red Hat Enterprise Linux', 5, '{''name'': ''Red Hat Enterprise Linux'', ''qid'': ''Q215273'', ''types'': [''Q9135'', ''Q131669''], ''url'': ''http://dbpedia.org/resource/Red_Hat_Enterprise_Linux'', ''score'': 79.21842}');
INSERT INTO entities VALUES(98, 'JBoss|JBoss Seam', 7, '{''name'': ''JBoss Seam'', ''qid'': ''Q923560'', ''types'': [''Q1330336'', ''Q341''], ''url'': ''http://dbpedia.org/resource/JBoss_Seam'', ''score'': 83.83766}');
INSERT INTO entities VALUES(99, 'JBoss|Wildfly', 7, '{''name'': ''WildFly'', ''qid'': ''Q68850'', ''types'': [''Q71550'', ''Q341''], ''url'': ''http://dbpedia.org/resource/WildFly'', ''score'': 84.19382}');
INSERT INTO entities VALUES(100, 'Java Runtime Environment (JRE)', 4, '{''name'': ''Java Platform, Enterprise Edition'', ''qid'': ''Q193247'', ''types'': [''Q1330336'', ''Q27493'', ''Q241317''], ''url'': ''http://dbpedia.org/resource/Java_Platform,_Enterprise_Edition'', ''score'': 83.57937}');
INSERT INTO entities VALUES(101, 'Node.js', 4, '{''name'': ''Node.js'', ''qid'': ''Q756100'', ''types'': [''Q28920813''], ''url'': ''http://dbpedia.org/resource/Node.js'', ''score'': 83.85895}');
INSERT INTO entities VALUES(102, 'Linux|*', 5, '{''name'': ''Linux'', ''qid'': ''Q388'', ''types'': [''Q14656'', ''Q16889133'', ''Q341''], ''url'': ''http://dbpedia.org/resource/Linux'', ''score'': 82.96067}');
INSERT INTO entities VALUES(103, 'MS SQL Server|*', 3, '{''name'': ''Microsoft SQL Server'', ''qid'': ''Q215819'', ''types'': [''Q218616'', ''Q3932296''], ''url'': ''http://dbpedia.org/resource/Microsoft_SQL_Server'', ''score'': 79.94887}');
INSERT INTO entities VALUES(104, 'C++|*', 2, '{''name'': ''C++'', ''qid'': ''Q2407'', ''types'': [''Q28923026'', ''Q12772052'', ''Q28922885'', ''Q899523'', ''Q3839507'', ''Q9143'', ''Q5499621'', ''Q651794''], ''url'': ''http://dbpedia.org/resource/C++'', ''score'': 84.19003}');
INSERT INTO entities VALUES(105, 'Java|*', 2, '{''name'': ''Java (programming language)'', ''qid'': ''Q251'', ''types'': [''Q12772052'', ''Q56062429'', ''Q9143''], ''url'': ''http://dbpedia.org/resource/Java_(programming_language)'', ''score'': 81.43775}');
INSERT INTO entities VALUES(106, 'Perl|*', 2, '{''name'': ''Perl'', ''qid'': ''Q42478'', ''types'': [''Q9143''], ''url'': ''http://dbpedia.org/resource/Perl'', ''score'': 84.73837}');
INSERT INTO entities VALUES(107, 'PHP|*', 2, '{''name'': ''PHP'', ''qid'': ''Q59'', ''types'': [''Q1993334''], ''url'': ''http://dbpedia.org/resource/PHP'', ''score'': 84.05795}');
INSERT INTO entities VALUES(108, 'Python|*', 2, '{''name'': ''Python (programming language)'', ''qid'': ''Q28865'', ''types'': [''Q899523''], ''url'': ''http://dbpedia.org/resource/Python_(programming_language)'', ''score'': 84.46006}');
INSERT INTO entities VALUES(109, 'Ruby|*', 2, '{''name'': ''Ruby (programming language)'', ''qid'': ''Q161053'', ''types'': [''Q899523''], ''url'': ''http://dbpedia.org/resource/Ruby_(programming_language)'', ''score'': 82.86037}');
INSERT INTO entities VALUES(110, 'JavaScript|*', 2, '{''name'': ''JavaScript'', ''qid'': ''Q2005'', ''types'': [''Q241317'', ''Q12772052'', ''Q3839507'', ''Q187432'', ''Q9143'', ''Q28920810'', ''Q21562092'', ''Q28920813'', ''Q1993334''], ''url'': ''http://dbpedia.org/resource/JavaScript'', ''score'': 82.65443}');        
CREATE TABLE entity_mentions (
                                        id integer PRIMARY KEY AUTOINCREMENT,
                                        entity_mention_name text NOT NULL,
                                        entity_type_id integer NOT NULL,
                                        entity_id integer NOT NULL,
                                        FOREIGN KEY (entity_type_id) REFERENCES entity_types (id),
                                        FOREIGN KEY (entity_id) REFERENCES entities (id)                                        
                                    );
INSERT INTO entity_mentions VALUES(1,'ansible',3,1);
INSERT INTO entity_mentions VALUES(2,'Apache ActiveMQ',3,2);
INSERT INTO entity_mentions VALUES(3,'Apache Active Queue',3,2);
INSERT INTO entity_mentions VALUES(4,'MQ Apache Active Queue',3,2);
INSERT INTO entity_mentions VALUES(5,'Hive',3,3);
INSERT INTO entity_mentions VALUES(6,'Apache Hive',3,3);
INSERT INTO entity_mentions VALUES(7,'Apache',6,28);
INSERT INTO entity_mentions VALUES(8,'Apache 2.4',6,28);
INSERT INTO entity_mentions VALUES(9,'Apache 2.4 - 32 bit',6,28);
INSERT INTO entity_mentions VALUES(10,'Apache 3',6,28);
INSERT INTO entity_mentions VALUES(11,'Apache HTTP Server',6,28);
INSERT INTO entity_mentions VALUES(12,'Apache HTTP Server 2.0',6,28);
INSERT INTO entity_mentions VALUES(13,'Apache HTTP Server 2.0 (Linux)',6,28);
INSERT INTO entity_mentions VALUES(14,'Apache HTTP Server 2.0 (Solaris)',6,28);
INSERT INTO entity_mentions VALUES(15,'Apache HTTP Server 2.2',6,28);
INSERT INTO entity_mentions VALUES(16,'Apache HTTP Server 2.2 (Linux)',6,28);
INSERT INTO entity_mentions VALUES(17,'Apache HTTP Server 2.4',6,28);
INSERT INTO entity_mentions VALUES(18,'Apache HTTP Server 2.4 (Linux)',6,28);
INSERT INTO entity_mentions VALUES(19,'APACHE HTTP SERVER VERSION 1.3',6,28);
INSERT INTO entity_mentions VALUES(20,'APACHE HTTP SERVER VERSION 2.2.13',6,28);
INSERT INTO entity_mentions VALUES(21,'Apache Instance',6,28);
INSERT INTO entity_mentions VALUES(22,'Apache Web Server',6,28);
INSERT INTO entity_mentions VALUES(23,'APACHE WEB SERVER VERSION 1.3.27',6,28);
INSERT INTO entity_mentions VALUES(24,'Apache WebServer',6,28);
INSERT INTO entity_mentions VALUES(25,'TS-Apache HTTP Server 2.4',6,28);
INSERT INTO entity_mentions VALUES(26,'kafka',3,4);
INSERT INTO entity_mentions VALUES(27,'Apache Kafka',3,4);
INSERT INTO entity_mentions VALUES(28,'solr',3,5);
INSERT INTO entity_mentions VALUES(29,'Apache Solr',3,5);
INSERT INTO entity_mentions VALUES(30,'Apache Software Foundation - Apache Tomcat 7',6,29);
INSERT INTO entity_mentions VALUES(31,'Apache Software Foundation - Apache Tomcat 8',6,29);
INSERT INTO entity_mentions VALUES(32,'Apache Software Foundation - Apache Tomcat 8.5',6,29);
INSERT INTO entity_mentions VALUES(33,'Apache Software Foundation - Apache Tomcat 9',6,29);
INSERT INTO entity_mentions VALUES(34,'Apache Tomcat 1',6,29);
INSERT INTO entity_mentions VALUES(35,'Apache Tomcat 3',6,29);
INSERT INTO entity_mentions VALUES(36,'Apache Tomcat 3 (Linux)',6,29);
INSERT INTO entity_mentions VALUES(37,'Apache Tomcat 5',6,29);
INSERT INTO entity_mentions VALUES(38,'Apache Tomcat 6',6,29);
INSERT INTO entity_mentions VALUES(39,'Apache Tomcat 6 (Linux)',6,29);
INSERT INTO entity_mentions VALUES(40,'Apache Tomcat 7',6,29);
INSERT INTO entity_mentions VALUES(41,'Apache Tomcat 8',6,29);
INSERT INTO entity_mentions VALUES(42,'Apache Tomcat 8 (Linux)',6,29);
INSERT INTO entity_mentions VALUES(43,'Apache Tomcat 8.5.15',6,29);
INSERT INTO entity_mentions VALUES(44,'Apache Tomcat 9',6,29);
INSERT INTO entity_mentions VALUES(45,'Apache tomcat 9.0.12',6,29);
INSERT INTO entity_mentions VALUES(46,'APACHE TOMCAT VERSION 6',6,29);
INSERT INTO entity_mentions VALUES(47,'APACHE TOMCAT VERSION 6.0',6,29);
INSERT INTO entity_mentions VALUES(48,'APACHE TOMCAT VERSION 7',6,29);
INSERT INTO entity_mentions VALUES(49,'tomcat',6,29);
INSERT INTO entity_mentions VALUES(50,'Tomcat 3',6,29);
INSERT INTO entity_mentions VALUES(51,'Tomcat 3/4/5/6/7',6,29);
INSERT INTO entity_mentions VALUES(52,'Tomcat 4',6,29);
INSERT INTO entity_mentions VALUES(53,'Tomcat 5',6,29);
INSERT INTO entity_mentions VALUES(54,'Tomcat 6',6,29);
INSERT INTO entity_mentions VALUES(55,'Tomcat 7',6,29);
INSERT INTO entity_mentions VALUES(56,'Tomcat 7.0',6,29);
INSERT INTO entity_mentions VALUES(57,'Tomcat 8',6,29);
INSERT INTO entity_mentions VALUES(58,'Tomcat 8.0.33',6,29);
INSERT INTO entity_mentions VALUES(59,'Tomcat 8/9',6,29);
INSERT INTO entity_mentions VALUES(60,'Tomcat 9',6,29);
INSERT INTO entity_mentions VALUES(61,'Apache Tomcat',6,29);
INSERT INTO entity_mentions VALUES(62,'C+',2,37);
INSERT INTO entity_mentions VALUES(63,'C++',2,37);
INSERT INTO entity_mentions VALUES(64,'Microsoft - Microsoft Visual C++ 2008 Redistributable (x64) 9',2,38);
INSERT INTO entity_mentions VALUES(65,'Visual C++ 2008',2,38);
INSERT INTO entity_mentions VALUES(66,'vc++',2,38);
INSERT INTO entity_mentions VALUES(67,'vc',2,38);
INSERT INTO entity_mentions VALUES(68,'Microsoft Visual C++',2,38);
INSERT INTO entity_mentions VALUES(69,'Visual C++',2,38);
INSERT INTO entity_mentions VALUES(70,'MSVC',2,38);
INSERT INTO entity_mentions VALUES(71,'DB2',3,6);
INSERT INTO entity_mentions VALUES(72,'DB2/UDB',3,6);
INSERT INTO entity_mentions VALUES(73,'DB2-UDB',3,6);
INSERT INTO entity_mentions VALUES(74,'DB2 UDB',3,6);
INSERT INTO entity_mentions VALUES(75,'UDB',3,6);
INSERT INTO entity_mentions VALUES(76,'DB2 10.5',3,6);
INSERT INTO entity_mentions VALUES(77,'DB2 11.1',3,6);
INSERT INTO entity_mentions VALUES(78,'DB2 9.1',3,6);
INSERT INTO entity_mentions VALUES(79,'DB2 9.7',3,6);
INSERT INTO entity_mentions VALUES(80,'DB2 ESE 10.1',3,6);
INSERT INTO entity_mentions VALUES(81,'DB2 ESE 10.5',3,6);
INSERT INTO entity_mentions VALUES(82,'DB2 UDB',3,6);
INSERT INTO entity_mentions VALUES(83,'DB2 V9',3,6);
INSERT INTO entity_mentions VALUES(84,'DB2/400',3,6);
INSERT INTO entity_mentions VALUES(85,'DB2 for i',3,6);
INSERT INTO entity_mentions VALUES(86,'IBM - IBM DB2 Advanced Enterprise Server Edition OEM Limited Use 11.1',3,6);
INSERT INTO entity_mentions VALUES(87,'IBM - IBM DB2 Advanced Enterprise Server Edition PVU Option 10.5',3,6);
INSERT INTO entity_mentions VALUES(88,'IBM - IBM DB2 Advanced Workgroup Server Edition OEM Limited Use 11.1',3,6);
INSERT INTO entity_mentions VALUES(89,'IBM - IBM DB2 Enterprise Server Edition - CPU Option 10.1',3,6);
INSERT INTO entity_mentions VALUES(90,'IBM - IBM DB2 Enterprise Server Edition - CPU Option 9.7',3,6);
INSERT INTO entity_mentions VALUES(91,'IBM - IBM DB2 Enterprise Server Edition OEM Limited Use 10.5',3,6);
INSERT INTO entity_mentions VALUES(92,'IBM - IBM DB2 Enterprise Server Edition Product Trial 9.7',3,6);
INSERT INTO entity_mentions VALUES(93,'IBM - IBM DB2 Personal Edition Product Trial 9.7',3,6);
INSERT INTO entity_mentions VALUES(94,'IBM - IBM DB2 Storage Optimization Feature 9.7',3,6);
INSERT INTO entity_mentions VALUES(95,'IBM - IBM DB2 UDB Enterprise Server Edition 8.2',3,6);
INSERT INTO entity_mentions VALUES(96,'IBM - IBM DB2 Workgroup Server Edition Product Trial 9.7',3,6);
INSERT INTO entity_mentions VALUES(97,'IBM DB2',3,6);
INSERT INTO entity_mentions VALUES(98,'IBM DB',3,6);
INSERT INTO entity_mentions VALUES(99,'IBM DB2 ENTERPRISE SERVER EDITION - CPU OPTION 9.*',3,6);
INSERT INTO entity_mentions VALUES(100,'IBM DB2 ENTERPRISE SERVER EDITION - CPU OPTION 9.5',3,6);
INSERT INTO entity_mentions VALUES(101,'IBM DB2 ENTERPRISE SERVER EDITION - CPU OPTION 9.7',3,6);
INSERT INTO entity_mentions VALUES(102,'IBM DB2 ENTERPRISE SERVER EDITION PVU OPTION 10.5',3,6);
INSERT INTO entity_mentions VALUES(103,'IBM DB2 UDB/LUW ENTERPRISE SERVER EDITION DB2 ESE v9.7 FP 11 Special Build 35826 37314',3,6);
INSERT INTO entity_mentions VALUES(104,'IBM DB2 UDB/LUW ENTERPRISE SERVER EDITION DB2 v9.7 FP11 SB 37314',3,6);
INSERT INTO entity_mentions VALUES(105,'IBM-DB2-V9',3,6);
INSERT INTO entity_mentions VALUES(106,'UDB',3,6);
INSERT INTO entity_mentions VALUES(107,'Go',2,39);
INSERT INTO entity_mentions VALUES(108,'Hadoop',3,7);
INSERT INTO entity_mentions VALUES(109,'HAProxy',6,30);
INSERT INTO entity_mentions VALUES(110,'IBM Maximo 7.6',3,8);
INSERT INTO entity_mentions VALUES(111,'IBM Maximo',3,8);
INSERT INTO entity_mentions VALUES(112,'Maximo',3,8);
INSERT INTO entity_mentions VALUES(113,'Decision Center 8.0.1.0',3,9);
INSERT INTO entity_mentions VALUES(114,'Decision Server 8.0.1.0',3,9);
INSERT INTO entity_mentions VALUES(115,'IBM Operational Decision Manager (ODM)',3,9);
INSERT INTO entity_mentions VALUES(116,'IBM Operational Decision Manager',3,9);
INSERT INTO entity_mentions VALUES(117,'Operational Decision Manager',3,9);
INSERT INTO entity_mentions VALUES(118,'IBM ODM',3,9);
INSERT INTO entity_mentions VALUES(119,'IBM MQ',3,10);
INSERT INTO entity_mentions VALUES(120,'IBM Websphere MQ 7.1',3,10);
INSERT INTO entity_mentions VALUES(121,'IBM WebSphere MQ Client 7.5',3,10);
INSERT INTO entity_mentions VALUES(122,'IBM WEBSPHERE MQ SERVER 7.5',3,10);
INSERT INTO entity_mentions VALUES(123,'MQ',3,10);
INSERT INTO entity_mentions VALUES(124,'MQ 5.3',3,10);
INSERT INTO entity_mentions VALUES(125,'MQ 6',3,10);
INSERT INTO entity_mentions VALUES(126,'MQ 7',3,10);
INSERT INTO entity_mentions VALUES(127,'MQ 7.01',3,10);
INSERT INTO entity_mentions VALUES(128,'MQ 7.5',3,10);
INSERT INTO entity_mentions VALUES(129,'MQ 9.0',3,10);
INSERT INTO entity_mentions VALUES(130,'MQ 9.0.5',3,10);
INSERT INTO entity_mentions VALUES(131,'MQ 9.1',3,10);
INSERT INTO entity_mentions VALUES(132,'MQSeries 8.0',3,10);
INSERT INTO entity_mentions VALUES(133,'WSMQ 8.0',3,10);
INSERT INTO entity_mentions VALUES(134,'IBM Websphere MQ',3,10);
INSERT INTO entity_mentions VALUES(135,'Websphere MQ',3,10);
INSERT INTO entity_mentions VALUES(136,'WTX',3,11);
INSERT INTO entity_mentions VALUES(137,'IBM WebSphere Transformation Extender',3,11);
INSERT INTO entity_mentions VALUES(138,'IBM WebSphere Transformation Extender (WTX)',3,11);
INSERT INTO entity_mentions VALUES(139,'ILOG JRules',3,9);
INSERT INTO entity_mentions VALUES(140,'IBM WebSphere ILOG Jrules',3,9);
INSERT INTO entity_mentions VALUES(141,'INGRES DBM',3,12);
INSERT INTO entity_mentions VALUES(142,'Ingres',3,12);
INSERT INTO entity_mentions VALUES(143,'J2ee',2,40);
INSERT INTO entity_mentions VALUES(144,'J2EE 6',2,40);
INSERT INTO entity_mentions VALUES(145,'Java',2,40);
INSERT INTO entity_mentions VALUES(146,'Java (1.6)',2,40);
INSERT INTO entity_mentions VALUES(147,'Java (J2EE)',2,40);
INSERT INTO entity_mentions VALUES(148,'Java (open source)',2,40);
INSERT INTO entity_mentions VALUES(149,'Java 1.5',2,40);
INSERT INTO entity_mentions VALUES(150,'Java 1.6',2,40);
INSERT INTO entity_mentions VALUES(151,'Java 1.8',2,40);
INSERT INTO entity_mentions VALUES(152,'Java 1.8.0_92',2,40);
INSERT INTO entity_mentions VALUES(153,'Java 5',2,40);
INSERT INTO entity_mentions VALUES(154,'Java 6',2,40);
INSERT INTO entity_mentions VALUES(155,'Java 6.0',2,40);
INSERT INTO entity_mentions VALUES(156,'Java 7',2,40);
INSERT INTO entity_mentions VALUES(157,'Java 7 Update 25',2,40);
INSERT INTO entity_mentions VALUES(158,'Java on Weblogic server',2,40);
INSERT INTO entity_mentions VALUES(159,'Java Scripting',2,40);
INSERT INTO entity_mentions VALUES(160,'Java5',2,40);
INSERT INTO entity_mentions VALUES(161,'Java Runtime 6',4,100);
INSERT INTO entity_mentions VALUES(162,'Oracle - Java Runtime Environment 11',4,100);
INSERT INTO entity_mentions VALUES(163,'Oracle - Java Runtime Environment 7',4,100);
INSERT INTO entity_mentions VALUES(164,'Oracle - Java Runtime Environment 8',4,100);
INSERT INTO entity_mentions VALUES(165,'Java Runtime',4,100);
INSERT INTO entity_mentions VALUES(166,'JRE',4,100);
INSERT INTO entity_mentions VALUES(167,'Java Runtime Environment (JRE)',4,100);
INSERT INTO entity_mentions VALUES(168,'Camel',1,56);
INSERT INTO entity_mentions VALUES(169,'SS7/CAMEL',1,56);
INSERT INTO entity_mentions VALUES(170,'Apache Camel',1,56);
INSERT INTO entity_mentions VALUES(171,'Apache mmons-beanutils',1,57);
INSERT INTO entity_mentions VALUES(172,'Apache Commons BeanUtils',1,57);
INSERT INTO entity_mentions VALUES(173,'PDFBox 1.6',1,58);
INSERT INTO entity_mentions VALUES(174,'PDFBox',1,58);
INSERT INTO entity_mentions VALUES(175,'Apache PDFBox',1,58);
INSERT INTO entity_mentions VALUES(176,'Velocity',1,59);
INSERT INTO entity_mentions VALUES(177,'Apache Velocity',1,59);
INSERT INTO entity_mentions VALUES(178,'EclipseLink 2.6.4',1,60);
INSERT INTO entity_mentions VALUES(179,'EclipseLink',1,60);
INSERT INTO entity_mentions VALUES(180,'EJB',1,61);
INSERT INTO entity_mentions VALUES(181,'Ejb 2.x',1,61);
INSERT INTO entity_mentions VALUES(182,'EJBS',1,61);
INSERT INTO entity_mentions VALUES(183,'Enterprise JavaBeans',1,61);
INSERT INTO entity_mentions VALUES(184,'Enterprise JavaBeans (EJB)',1,61);
INSERT INTO entity_mentions VALUES(185,'JAVA-XSL',2,41);
INSERT INTO entity_mentions VALUES(186,'Extensible Stylesheet Language',2,41);
INSERT INTO entity_mentions VALUES(187,'Extensible Stylesheet Language (XSL)',2,41);
INSERT INTO entity_mentions VALUES(188,'EZMorph',1,62);
INSERT INTO entity_mentions VALUES(189,'GWT',1,63);
INSERT INTO entity_mentions VALUES(190,'Google Web Toolkit',1,63);
INSERT INTO entity_mentions VALUES(191,'Google Web Toolkit (GWT)',1,63);
INSERT INTO entity_mentions VALUES(192,'Hibernate',1,64);
INSERT INTO entity_mentions VALUES(193,'IBM - IBM SDK 5.0 for Windows AMD/EMT 64',1,65);
INSERT INTO entity_mentions VALUES(194,'IBM SDK',1,65);
INSERT INTO entity_mentions VALUES(195,'JDK 1.3',1,66);
INSERT INTO entity_mentions VALUES(196,'JDK 1.5',1,66);
INSERT INTO entity_mentions VALUES(197,'JDK 1.6.0_24',1,66);
INSERT INTO entity_mentions VALUES(198,'JDK 1.7.0',1,66);
INSERT INTO entity_mentions VALUES(199,'JDK8',1,66);
INSERT INTO entity_mentions VALUES(200,'JDK8 (1.8)',1,66);
INSERT INTO entity_mentions VALUES(201,'Oracle - JDK/SDK 8',1,66);
INSERT INTO entity_mentions VALUES(202,'Oracle (Sun) JDK/JRE',1,66);
INSERT INTO entity_mentions VALUES(203,'JDK',1,66);
INSERT INTO entity_mentions VALUES(204,'Java Development Kit',1,66);
INSERT INTO entity_mentions VALUES(205,'Java Development Kit (JDK)',1,66);
INSERT INTO entity_mentions VALUES(206,'Oracle - JDK/SDK',1,66);
INSERT INTO entity_mentions VALUES(207,'Oracle  JDK',1,66);
INSERT INTO entity_mentions VALUES(208,'JEE',2,42);
INSERT INTO entity_mentions VALUES(209,'Java Enterprise Edition',2,42);
INSERT INTO entity_mentions VALUES(210,'Java Enterprise Edition (Java EE)',2,42);
INSERT INTO entity_mentions VALUES(211,'Java EE',2,42);
INSERT INTO entity_mentions VALUES(212,'JMS',1,67);
INSERT INTO entity_mentions VALUES(213,'Java Message Service',1,67);
INSERT INTO entity_mentions VALUES(214,'Java Message Service (JMS)',1,67);
INSERT INTO entity_mentions VALUES(215,'Java SE 6',2,43);
INSERT INTO entity_mentions VALUES(216,'Java Standard Edition (Java SE)',2,43);
INSERT INTO entity_mentions VALUES(217,'oracle - java - java se 6',2,43);
INSERT INTO entity_mentions VALUES(218,'Oracle - Java Web Start 1.5',1,68);
INSERT INTO entity_mentions VALUES(219,'Oracle - Java Web Start 6',1,68);
INSERT INTO entity_mentions VALUES(220,'Java Web Start',1,68);
INSERT INTO entity_mentions VALUES(221,'JSF',1,69);
INSERT INTO entity_mentions VALUES(222,'JavaServer Faces',1,69);
INSERT INTO entity_mentions VALUES(223,'JavaServer Faces (JSF)',1,69);
INSERT INTO entity_mentions VALUES(224,'Core JSP',2,44);
INSERT INTO entity_mentions VALUES(225,'JSP',2,44);
INSERT INTO entity_mentions VALUES(226,'JavaServer Pages',2,44);
INSERT INTO entity_mentions VALUES(227,'JavaServer Pages (JSP)',2,44);
INSERT INTO entity_mentions VALUES(228,'Java Scriplet',2,45);
INSERT INTO entity_mentions VALUES(229,'JSP Scriptlets',2,45);
INSERT INTO entity_mentions VALUES(230,'JDBC',1,70);
INSERT INTO entity_mentions VALUES(231,'Core 9.2.0.0',1,71);
INSERT INTO entity_mentions VALUES(232,'JRuby Core',1,71);
INSERT INTO entity_mentions VALUES(233,'APACHE LOG4J',1,72);
INSERT INTO entity_mentions VALUES(234,'Log4j',1,72);
INSERT INTO entity_mentions VALUES(235,'Quartz',1,73);
INSERT INTO entity_mentions VALUES(236,'Java RMI',1,74);
INSERT INTO entity_mentions VALUES(237,'Remote Method Invocation',1,74);
INSERT INTO entity_mentions VALUES(238,'Java Remote Method Invocation (RMI)',1,74);
INSERT INTO entity_mentions VALUES(239,'J2EE Servlets',1,75);
INSERT INTO entity_mentions VALUES(240,'Java 6 Servlets',1,75);
INSERT INTO entity_mentions VALUES(241,'Java Servlets',1,75);
INSERT INTO entity_mentions VALUES(242,'Servlets',1,75);
INSERT INTO entity_mentions VALUES(243,'Servlet',1,75);
INSERT INTO entity_mentions VALUES(244,'Servlets v2.3',1,75);
INSERT INTO entity_mentions VALUES(245,'Spring',1,76);
INSERT INTO entity_mentions VALUES(246,'Spring IO',1,76);
INSERT INTO entity_mentions VALUES(247,'Spring BOOT',1,77);
INSERT INTO entity_mentions VALUES(248,'Spring Cloud Data Flow',1,78);
INSERT INTO entity_mentions VALUES(249,'Spring MVC',1,79);
INSERT INTO entity_mentions VALUES(250,'Struts',1,80);
INSERT INTO entity_mentions VALUES(251,'Struts (2.0)',1,80);
INSERT INTO entity_mentions VALUES(252,'Struts 2.0',1,80);
INSERT INTO entity_mentions VALUES(253,'Swings',1,81);
INSERT INTO entity_mentions VALUES(254,'Swing',1,81);
INSERT INTO entity_mentions VALUES(255,'Vaadin',1,82);
INSERT INTO entity_mentions VALUES(256,'Java Script',2,46);
INSERT INTO entity_mentions VALUES(257,'Javascript',2,46);
INSERT INTO entity_mentions VALUES(258,'javascriptl',2,46);
INSERT INTO entity_mentions VALUES(259,'javasript',2,46);
INSERT INTO entity_mentions VALUES(260,'JS',2,46);
INSERT INTO entity_mentions VALUES(261,'AJAX',1,83);
INSERT INTO entity_mentions VALUES(262,'Angular',1,84);
INSERT INTO entity_mentions VALUES(263,'Angular JS',1,84);
INSERT INTO entity_mentions VALUES(264,'AngularJS',1,84);
INSERT INTO entity_mentions VALUES(265,'Draw2D 2.10.1',1,85);
INSERT INTO entity_mentions VALUES(266,'Draw2D',1,85);
INSERT INTO entity_mentions VALUES(267,'Express',1,86);
INSERT INTO entity_mentions VALUES(268,'Express.js',1,86);
INSERT INTO entity_mentions VALUES(269,'Ext JS',1,87);
INSERT INTO entity_mentions VALUES(270,'ExtJS',1,87);
INSERT INTO entity_mentions VALUES(271,'ExtJS 4.1',1,87);
INSERT INTO entity_mentions VALUES(272,'Sencha 4.2.0',1,87);
INSERT INTO entity_mentions VALUES(273,'jqGrid',1,88);
INSERT INTO entity_mentions VALUES(274,'JQuery',1,89);
INSERT INTO entity_mentions VALUES(275,'JQuery 1.7',1,89);
INSERT INTO entity_mentions VALUES(276,'jquery-ui',1,90);
INSERT INTO entity_mentions VALUES(277,'jqueryui',1,90);
INSERT INTO entity_mentions VALUES(278,'jQuery UI',1,90);
INSERT INTO entity_mentions VALUES(279,'react.js',1,91);
INSERT INTO entity_mentions VALUES(280,'ReactJS',1,91);
INSERT INTO entity_mentions VALUES(281,'react',1,91);
INSERT INTO entity_mentions VALUES(282,'Scriptaculous',1,92);
INSERT INTO entity_mentions VALUES(283,'script.aculo.us',1,92);
INSERT INTO entity_mentions VALUES(284,'Valums File Uploader',1,93);
INSERT INTO entity_mentions VALUES(285,'Valums AJAX File Uploader',1,93);
INSERT INTO entity_mentions VALUES(286,'EAP',6,31);
INSERT INTO entity_mentions VALUES(287,'Enterprise Application Platform',6,31);
INSERT INTO entity_mentions VALUES(288,'JBoss',6,31);
INSERT INTO entity_mentions VALUES(289,'Jboss 4.1.2',6,31);
INSERT INTO entity_mentions VALUES(290,'JBOSS 5',6,31);
INSERT INTO entity_mentions VALUES(291,'JBOSS 5.1.2',6,31);
INSERT INTO entity_mentions VALUES(292,'JBOSS 5.1.2 EAP',6,31);
INSERT INTO entity_mentions VALUES(293,'JBOSS 6.3.2',6,31);
INSERT INTO entity_mentions VALUES(294,'JBOSS 6.3.2 EAP',6,31);
INSERT INTO entity_mentions VALUES(295,'Jboss 7',6,31);
INSERT INTO entity_mentions VALUES(296,'Jboss 7.1.2',6,31);
INSERT INTO entity_mentions VALUES(297,'JBoss Application Server',6,31);
INSERT INTO entity_mentions VALUES(298,'JBoss Application Server 4',6,31);
INSERT INTO entity_mentions VALUES(299,'JBoss Application Server 5',6,31);
INSERT INTO entity_mentions VALUES(300,'JBoss Application Server 7',6,31);
INSERT INTO entity_mentions VALUES(301,'JBoss EAP 4.3',6,31);
INSERT INTO entity_mentions VALUES(302,'JBOSS-EAP',6,31);
INSERT INTO entity_mentions VALUES(303,'Red Hat JBoss Enterprise Application Platform 6.3',6,31);
INSERT INTO entity_mentions VALUES(304,'server: Jboss',6,31);
INSERT INTO entity_mentions VALUES(305,'Wildfly',6,31);
INSERT INTO entity_mentions VALUES(306,'SEAM',7,98);
INSERT INTO entity_mentions VALUES(307,'JBoss Seam',7,98);
INSERT INTO entity_mentions VALUES(308,'Jenkins',3,14);
INSERT INTO entity_mentions VALUES(309,'Linux',5,96);
INSERT INTO entity_mentions VALUES(310,'Linux - 2.6.18-371.1.2.el5',5,96);
INSERT INTO entity_mentions VALUES(311,'Linux (64-bit)',5,96);
INSERT INTO entity_mentions VALUES(312,'Linux 2.6.32-642.3.1.el6.x86_64',5,96);
INSERT INTO entity_mentions VALUES(313,'Linux 2.6.32-696.23.1.el6.x86_64',5,96);
INSERT INTO entity_mentions VALUES(314,'Linux 2.6.32-696.28.1.el6.x86_64',5,96);
INSERT INTO entity_mentions VALUES(315,'Linux 2.6.32-696.30.1.el6.x86_64',5,96);
INSERT INTO entity_mentions VALUES(316,'Linux 2.6.9',5,96);
INSERT INTO entity_mentions VALUES(317,'Linux 3.10.0-1062.el7.x86_64',5,96);
INSERT INTO entity_mentions VALUES(318,'Other 2.6.x Linux (64-bit)',5,96);
INSERT INTO entity_mentions VALUES(319,'Other Linux (32-bit)',5,96);
INSERT INTO entity_mentions VALUES(320,'Other Linux (64-bit)',5,96);
INSERT INTO entity_mentions VALUES(321,'Linux RHEL',5,97);
INSERT INTO entity_mentions VALUES(322,'RED HAT ENTERPRISE LINUX 4.6',5,97);
INSERT INTO entity_mentions VALUES(323,'RED HAT ENTERPRISE LINUX 4.9',5,97);
INSERT INTO entity_mentions VALUES(324,'RED HAT ENTERPRISE LINUX 5.10',5,97);
INSERT INTO entity_mentions VALUES(325,'RED HAT ENTERPRISE LINUX 5.11',5,97);
INSERT INTO entity_mentions VALUES(326,'RED HAT ENTERPRISE LINUX 5.11 - 5.11',5,97);
INSERT INTO entity_mentions VALUES(327,'RED HAT ENTERPRISE LINUX 5.9',5,97);
INSERT INTO entity_mentions VALUES(328,'RHEL 6.9',5,97);
INSERT INTO entity_mentions VALUES(329,'Linux - Redhat 6',5,97);
INSERT INTO entity_mentions VALUES(330,'Linux Red Hat',5,97);
INSERT INTO entity_mentions VALUES(331,'LINUX RED HAT 5 EL',5,97);
INSERT INTO entity_mentions VALUES(332,'Linux Red Hat 6.10',5,97);
INSERT INTO entity_mentions VALUES(333,'Linux Red Hat 7.6',5,97);
INSERT INTO entity_mentions VALUES(334,'LINUX RED HAT ENTERPRISE AS 4',5,97);
INSERT INTO entity_mentions VALUES(335,'LINUX RED HAT ENTERPRISE ES 4',5,97);
INSERT INTO entity_mentions VALUES(336,'LINUX Red Hat Enterprise Linux Server 5.11',5,97);
INSERT INTO entity_mentions VALUES(337,'LINUX Red Hat Enterprise Linux Server 5.7',5,97);
INSERT INTO entity_mentions VALUES(338,'LINUX Red Hat Enterprise Linux Server 6.3',5,97);
INSERT INTO entity_mentions VALUES(339,'LINUX Red Hat Enterprise Linux Server 6.9',5,97);
INSERT INTO entity_mentions VALUES(340,'LINUX RED HAT ENTERPRISE SERVER 5.11',5,97);
INSERT INTO entity_mentions VALUES(341,'Linux Red Hat Enterprise Server 5.11 (2.6.18-419.el5)',5,97);
INSERT INTO entity_mentions VALUES(342,'LINUX RED HAT ENTERPRISE SERVER 6 X64',5,97);
INSERT INTO entity_mentions VALUES(343,'Linux Red Hat Enterprise Server 6.10',5,97);
INSERT INTO entity_mentions VALUES(344,'Linux Red Hat Enterprise Server 6.7',5,97);
INSERT INTO entity_mentions VALUES(345,'LINUX RED HAT ENTERPRISE SERVER 6.8',5,97);
INSERT INTO entity_mentions VALUES(346,'LINUX RED HAT ENTERPRISE SERVER 6.9',5,97);
INSERT INTO entity_mentions VALUES(347,'LINUX RED HAT ENTERPRISE SERVER 7.3',5,97);
INSERT INTO entity_mentions VALUES(348,'LINUX RED HAT ENTERPRISE SERVER 7.4',5,97);
INSERT INTO entity_mentions VALUES(349,'LINUX RED HAT ENTERPRISE SERVER 7.5',5,97);
INSERT INTO entity_mentions VALUES(350,'LINUX RED HAT ENTERPRISE SERVER 7.6',5,97);
INSERT INTO entity_mentions VALUES(351,'Linux Red Hat Enterprise Server 7.7',5,97);
INSERT INTO entity_mentions VALUES(352,'Linux Red Hat3',5,97);
INSERT INTO entity_mentions VALUES(353,'Linux Red Hat4',5,97);
INSERT INTO entity_mentions VALUES(354,'Linux Red Hat5.1',5,97);
INSERT INTO entity_mentions VALUES(355,'Linux Red Hat5.11',5,97);
INSERT INTO entity_mentions VALUES(356,'Linux Red Hat5.6',5,97);
INSERT INTO entity_mentions VALUES(357,'Linux Red Hat5.8',5,97);
INSERT INTO entity_mentions VALUES(358,'Linux Red Hat5.9',5,97);
INSERT INTO entity_mentions VALUES(359,'Linux Red Hat6.1',5,97);
INSERT INTO entity_mentions VALUES(360,'Linux Red Hat6.4',5,97);
INSERT INTO entity_mentions VALUES(361,'Linux Red Hat6.5',5,97);
INSERT INTO entity_mentions VALUES(362,'Linux Red Hat6.7',5,97);
INSERT INTO entity_mentions VALUES(363,'Linux Red Hat6.8',5,97);
INSERT INTO entity_mentions VALUES(364,'Linux Red Hat6.9',5,97);
INSERT INTO entity_mentions VALUES(365,'LINUX RedHat EL 5 64bit',5,97);
INSERT INTO entity_mentions VALUES(366,'LINUX RedHat EL 5.0 64bit',5,97);
INSERT INTO entity_mentions VALUES(367,'LINUX RedHat EL 5.11 64bit',5,97);
INSERT INTO entity_mentions VALUES(368,'LINUX RedHat EL 5.7 64bit',5,97);
INSERT INTO entity_mentions VALUES(369,'LINUX RedHat EL 6.10 64bit',5,97);
INSERT INTO entity_mentions VALUES(370,'LINUX RedHat EL 6.2 64bit',5,97);
INSERT INTO entity_mentions VALUES(371,'LINUX RedHat EL 6.6 64bit',5,97);
INSERT INTO entity_mentions VALUES(372,'LINUX RedHat EL 6.8 64bit',5,97);
INSERT INTO entity_mentions VALUES(373,'LINUX RedHat EL 6.9 64bit',5,97);
INSERT INTO entity_mentions VALUES(374,'LINUX RedHat EL 7.3 64bit',5,97);
INSERT INTO entity_mentions VALUES(375,'LINUX RedHat EL 7.4 64bit',5,97);
INSERT INTO entity_mentions VALUES(376,'LINUX RedHat EL 7.5 64bit',5,97);
INSERT INTO entity_mentions VALUES(377,'LINUX RedHat ES 5.7 64bit',5,97);
INSERT INTO entity_mentions VALUES(378,'Linux RH5',5,97);
INSERT INTO entity_mentions VALUES(379,'Linux RH6',5,97);
INSERT INTO entity_mentions VALUES(380,'Linux RH7',5,97);
INSERT INTO entity_mentions VALUES(381,'Linux RH',5,97);
INSERT INTO entity_mentions VALUES(382,'LINUXRed Hat Enterprise Linux Server 5.11',5,97);
INSERT INTO entity_mentions VALUES(383,'LINUXRed Hat Enterprise Linux Server 6.10',5,97);
INSERT INTO entity_mentions VALUES(384,'LINUXRed Hat Enterprise Linux Server 6.9',5,97);
INSERT INTO entity_mentions VALUES(385,'LINUXRed Hat Enterprise Linux Server 7.6',5,97);
INSERT INTO entity_mentions VALUES(386,'Red Hat 6.6',5,97);
INSERT INTO entity_mentions VALUES(387,'RED HAT ADVANCED SERVER 5',5,97);
INSERT INTO entity_mentions VALUES(388,'RED HAT ENTERPRISE LINUX',5,97);
INSERT INTO entity_mentions VALUES(389,'Red Hat Enterprise Linux 3 (32-bit)',5,97);
INSERT INTO entity_mentions VALUES(390,'Red Hat Enterprise Linux 4 (32-bit)',5,97);
INSERT INTO entity_mentions VALUES(391,'RED HAT ENTERPRISE LINUX 4.3',5,97);
INSERT INTO entity_mentions VALUES(392,'Red Hat Enterprise Linux 5',5,97);
INSERT INTO entity_mentions VALUES(393,'Red Hat Enterprise Linux 5 (32-bit)',5,97);
INSERT INTO entity_mentions VALUES(394,'RED HAT ENTERPRISE LINUX 5 (64 Bit)',5,97);
INSERT INTO entity_mentions VALUES(395,'Red Hat Enterprise Linux 5 (64-bit)',5,97);
INSERT INTO entity_mentions VALUES(396,'Red Hat Enterprise Linux 5 Update 3 (RHEL 5.3) for x86-64',5,97);
INSERT INTO entity_mentions VALUES(397,'RED HAT ENTERPRISE LINUX 5.8',5,97);
INSERT INTO entity_mentions VALUES(398,'RED HAT ENTERPRISE LINUX 5.X',5,97);
INSERT INTO entity_mentions VALUES(399,'RED HAT ENTERPRISE LINUX 5.X TPM',5,97);
INSERT INTO entity_mentions VALUES(400,'Red Hat Enterprise Linux 6',5,97);
INSERT INTO entity_mentions VALUES(401,'Red Hat Enterprise Linux 6 (32-bit)',5,97);
INSERT INTO entity_mentions VALUES(402,'Red Hat Enterprise Linux 6 (64-bit)',5,97);
INSERT INTO entity_mentions VALUES(403,'RED HAT ENTERPRISE LINUX 6.10',5,97);
INSERT INTO entity_mentions VALUES(404,'RED HAT ENTERPRISE LINUX 6.4',5,97);
INSERT INTO entity_mentions VALUES(405,'RED HAT ENTERPRISE LINUX 6.5',5,97);
INSERT INTO entity_mentions VALUES(406,'RED HAT ENTERPRISE LINUX 6.9',5,97);
INSERT INTO entity_mentions VALUES(407,'RED HAT ENTERPRISE LINUX 6.X',5,97);
INSERT INTO entity_mentions VALUES(408,'RED HAT ENTERPRISE LINUX 6.X TPM',5,97);
INSERT INTO entity_mentions VALUES(409,'Red Hat Enterprise Linux 7',5,97);
INSERT INTO entity_mentions VALUES(410,'Red Hat Enterprise Linux 7 (64-bit)',5,97);
INSERT INTO entity_mentions VALUES(411,'RED HAT ENTERPRISE LINUX 7.1',5,97);
INSERT INTO entity_mentions VALUES(412,'Red Hat Enterprise Linux 7.2 (64-bit)',5,97);
INSERT INTO entity_mentions VALUES(413,'RED HAT ENTERPRISE LINUX 7.3',5,97);
INSERT INTO entity_mentions VALUES(414,'RED HAT ENTERPRISE LINUX 7.4',5,97);
INSERT INTO entity_mentions VALUES(415,'Red Hat Enterprise Linux 7.5',5,97);
INSERT INTO entity_mentions VALUES(416,'Red Hat Enterprise Linux 7.6',5,97);
INSERT INTO entity_mentions VALUES(417,'Red Hat Enterprise Linux 7.7',5,97);
INSERT INTO entity_mentions VALUES(418,'RED HAT ENTERPRISE LINUX 7.X',5,97);
INSERT INTO entity_mentions VALUES(419,'RED HAT ENTERPRISE LINUX 7.X TPM',5,97);
INSERT INTO entity_mentions VALUES(420,'Red Hat Enterprise Linux AS',5,97);
INSERT INTO entity_mentions VALUES(421,'Red Hat Enterprise Linux AS release 4 (Nahant Update 8)',5,97);
INSERT INTO entity_mentions VALUES(422,'RED HAT ENTERPRISE LINUX ES 5.11',5,97);
INSERT INTO entity_mentions VALUES(423,'RED HAT ENTERPRISE LINUX ES 6.9',5,97);
INSERT INTO entity_mentions VALUES(424,'red hat',5,97);
INSERT INTO entity_mentions VALUES(425,'Red Hat Enterprise Linux Santiago 6.3 32 Bit',5,97);
INSERT INTO entity_mentions VALUES(426,'Red Hat Enterprise Linux Santiago 6.3 64 Bit',5,97);
INSERT INTO entity_mentions VALUES(427,'Red Hat Enterprise Linux Santiago 6.x',5,97);
INSERT INTO entity_mentions VALUES(428,'Red Hat Enterprise Linux Server',5,97);
INSERT INTO entity_mentions VALUES(429,'RED HAT ENTERPRISE LINUX SERVER 4',5,97);
INSERT INTO entity_mentions VALUES(430,'Red Hat Enterprise Linux Server 4.9',5,97);
INSERT INTO entity_mentions VALUES(431,'RED HAT ENTERPRISE LINUX SERVER 5',5,97);
INSERT INTO entity_mentions VALUES(432,'Red Hat Enterprise Linux Server 5.1',5,97);
INSERT INTO entity_mentions VALUES(433,'Red Hat Enterprise Linux Server 5.11',5,97);
INSERT INTO entity_mentions VALUES(434,'Red Hat Enterprise Linux Server 5.2',5,97);
INSERT INTO entity_mentions VALUES(435,'Red Hat Enterprise Linux Server 5.5',5,97);
INSERT INTO entity_mentions VALUES(436,'Red Hat Enterprise Linux Server 5.8',5,97);
INSERT INTO entity_mentions VALUES(437,'Red Hat Enterprise Linux Server 5.9',5,97);
INSERT INTO entity_mentions VALUES(438,'Red Hat Enterprise Linux Server 5.x',5,97);
INSERT INTO entity_mentions VALUES(439,'RED HAT ENTERPRISE LINUX SERVER 5.X (Tikanga)',5,97);
INSERT INTO entity_mentions VALUES(440,'Red Hat Enterprise Linux Server 6.1',5,97);
INSERT INTO entity_mentions VALUES(441,'RED HAT ENTERPRISE LINUX SERVER 6.2',5,97);
INSERT INTO entity_mentions VALUES(442,'Red Hat Enterprise Linux Server 6.3',5,97);
INSERT INTO entity_mentions VALUES(443,'Red Hat Enterprise Linux Server 6.4',5,97);
INSERT INTO entity_mentions VALUES(444,'Red Hat Enterprise Linux Server 6.5',5,97);
INSERT INTO entity_mentions VALUES(445,'Red Hat Enterprise Linux Server 6.6',5,97);
INSERT INTO entity_mentions VALUES(446,'Red Hat Enterprise Linux Server 6.7',5,97);
INSERT INTO entity_mentions VALUES(447,'Red Hat Enterprise Linux Server 6.8',5,97);
INSERT INTO entity_mentions VALUES(448,'Red Hat Enterprise Linux Server 6.9',5,97);
INSERT INTO entity_mentions VALUES(449,'Red Hat Enterprise Linux Server 6.x',5,97);
INSERT INTO entity_mentions VALUES(450,'RED HAT ENTERPRISE LINUX SERVER 6.X (Santiago)',5,97);
INSERT INTO entity_mentions VALUES(451,'Red Hat Enterprise Linux Server 7.',5,97);
INSERT INTO entity_mentions VALUES(452,'Red Hat Enterprise Linux Server 7.1',5,97);
INSERT INTO entity_mentions VALUES(453,'Red Hat Enterprise Linux Server 7.2',5,97);
INSERT INTO entity_mentions VALUES(454,'Red Hat Enterprise Linux Server 7.3',5,97);
INSERT INTO entity_mentions VALUES(455,'Red Hat Enterprise Linux Server 7.4',5,97);
INSERT INTO entity_mentions VALUES(456,'Red Hat Enterprise Linux Server 7.5',5,97);
INSERT INTO entity_mentions VALUES(457,'Red Hat Enterprise Linux Server 7.6',5,97);
INSERT INTO entity_mentions VALUES(458,'Red Hat Enterprise Linux Server 7.6 (Maipo)',5,97);
INSERT INTO entity_mentions VALUES(459,'Red Hat Enterprise Linux Server 7.x',5,97);
INSERT INTO entity_mentions VALUES(460,'RED HAT ENTERPRISE LINUX SERVER 7.X (Maipo)',5,97);
INSERT INTO entity_mentions VALUES(461,'Red Hat Enterprise Linux Server release 5 (Tikanga)',5,97);
INSERT INTO entity_mentions VALUES(462,'Red Hat Enterprise Linux Server release 5.1',5,97);
INSERT INTO entity_mentions VALUES(463,'Red Hat Enterprise Linux Server release 5.3',5,97);
INSERT INTO entity_mentions VALUES(464,'Red Hat Enterprise Linux Server Release 6.10',5,97);
INSERT INTO entity_mentions VALUES(465,'Red Hat Enterprise Linux Server release 6.10 (Santiago)',5,97);
INSERT INTO entity_mentions VALUES(466,'Red Hat Enterprise Linux Server release 6.3 (Santiago)',5,97);
INSERT INTO entity_mentions VALUES(467,'Red Hat Enterprise Linux Server release 6.5 (Santiago)',5,97);
INSERT INTO entity_mentions VALUES(468,'Red Hat Enterprise Linux Server release 6.6 (Santiago)',5,97);
INSERT INTO entity_mentions VALUES(469,'Red Hat Enterprise Linux Server release 6.7 (Santiago)',5,97);
INSERT INTO entity_mentions VALUES(470,'Red Hat Enterprise Linux Server release 6.8 (Santiago)',5,97);
INSERT INTO entity_mentions VALUES(471,'Red Hat Enterprise Linux Server release 6.9',5,97);
INSERT INTO entity_mentions VALUES(472,'Red Hat Enterprise Linux Server release 6.9 (Santiago)',5,97);
INSERT INTO entity_mentions VALUES(473,'Red Hat Enterprise Linux Server release 7.3 (Maipo)',5,97);
INSERT INTO entity_mentions VALUES(474,'Red Hat Enterprise Linux Server release 7.4 (Maipo)',5,97);
INSERT INTO entity_mentions VALUES(475,'Red Hat Enterprise Linux Server release 7.5 (Maipo)',5,97);
INSERT INTO entity_mentions VALUES(476,'Red Hat Enterprise Linux Server release 7.6 (Maipo)',5,97);
INSERT INTO entity_mentions VALUES(477,'Red Hat Enterprise Linux Server release 7.x',5,97);
INSERT INTO entity_mentions VALUES(478,'Red Hat Entreprise Linux 6.2',5,97);
INSERT INTO entity_mentions VALUES(479,'Red Hat Linux',5,97);
INSERT INTO entity_mentions VALUES(480,'Red Hat Linux 5.7',5,97);
INSERT INTO entity_mentions VALUES(481,'Red Hat Linux 6',5,97);
INSERT INTO entity_mentions VALUES(482,'Red Hat Linux x64 6.6',5,97);
INSERT INTO entity_mentions VALUES(483,'Red Hat V6',5,97);
INSERT INTO entity_mentions VALUES(484,'Red Hat(Linux)',5,97);
INSERT INTO entity_mentions VALUES(485,'Redhat',5,97);
INSERT INTO entity_mentions VALUES(486,'Redhat - Red Hat(Linux)',5,97);
INSERT INTO entity_mentions VALUES(487,'Redhat - Redhat Linux 6.3',5,97);
INSERT INTO entity_mentions VALUES(488,'Redhat - Redhat Linux 6.6',5,97);
INSERT INTO entity_mentions VALUES(489,'Redhat - Redhat Linux 7.2',5,97);
INSERT INTO entity_mentions VALUES(490,'Redhat - RHEL 7.2',5,97);
INSERT INTO entity_mentions VALUES(491,'Redhat 6 64-Bit',5,97);
INSERT INTO entity_mentions VALUES(492,'RedHat 7.3',5,97);
INSERT INTO entity_mentions VALUES(493,'RedHat Enterprise Linux 6 (64-bit)',5,97);
INSERT INTO entity_mentions VALUES(494,'Redhat Linux',5,97);
INSERT INTO entity_mentions VALUES(495,'Redhat Linux 5.7',5,97);
INSERT INTO entity_mentions VALUES(496,'Redhat Linux 6.10',5,97);
INSERT INTO entity_mentions VALUES(497,'Redhat Linux 6.3',5,97);
INSERT INTO entity_mentions VALUES(498,'Redhat Linux 6.6',5,97);
INSERT INTO entity_mentions VALUES(499,'Redhat Linux 7.2',5,97);
INSERT INTO entity_mentions VALUES(500,'redhat6.6',5,97);
INSERT INTO entity_mentions VALUES(501,'rehl5.9',5,97);
INSERT INTO entity_mentions VALUES(502,'RHEL',5,97);
INSERT INTO entity_mentions VALUES(503,'RHEL 5',5,97);
INSERT INTO entity_mentions VALUES(504,'RHEL 5.4',5,97);
INSERT INTO entity_mentions VALUES(505,'RHEL 6',5,97);
INSERT INTO entity_mentions VALUES(506,'RHEL 6.3',5,97);
INSERT INTO entity_mentions VALUES(507,'RHEL 6.4',5,97);
INSERT INTO entity_mentions VALUES(508,'RHEL 6.5',5,97);
INSERT INTO entity_mentions VALUES(509,'RHEL 6.6',5,97);
INSERT INTO entity_mentions VALUES(510,'RHEL 6.6 ((64 bit x86_64)',5,97);
INSERT INTO entity_mentions VALUES(511,'RHEL 6.7',5,97);
INSERT INTO entity_mentions VALUES(512,'RHEL 7',5,97);
INSERT INTO entity_mentions VALUES(513,'RHEL 7.1',5,97);
INSERT INTO entity_mentions VALUES(514,'RHEL 7.2',5,97);
INSERT INTO entity_mentions VALUES(515,'RHEL 7.3',5,97);
INSERT INTO entity_mentions VALUES(516,'RHEL 7.4',5,97);
INSERT INTO entity_mentions VALUES(517,'RHEL 7.5',5,97);
INSERT INTO entity_mentions VALUES(518,'RHEL 7.xx',5,97);
INSERT INTO entity_mentions VALUES(519,'RHEL Linux',5,97);
INSERT INTO entity_mentions VALUES(520,'RHEL Server',5,97);
INSERT INTO entity_mentions VALUES(521,'RHEL x86-64',5,97);
INSERT INTO entity_mentions VALUES(522,'RHEL6.6 - 2.6.32-504.el6.x86_64',5,97);
INSERT INTO entity_mentions VALUES(523,'RHEL6.7 - 2.6.32-573.el6.x86_64',5,97);
INSERT INTO entity_mentions VALUES(524,'RHEL7.4',5,97);
INSERT INTO entity_mentions VALUES(525,'RHEL7.5',5,97);
INSERT INTO entity_mentions VALUES(526,'RHEL7.xx',5,97);
INSERT INTO entity_mentions VALUES(527,'Unix Linux Redhat',5,97);
INSERT INTO entity_mentions VALUES(528,'Marklogic',3,15);
INSERT INTO entity_mentions VALUES(529,'MarkLogic DB',3,15);
INSERT INTO entity_mentions VALUES(530,'Memcache',3,16);
INSERT INTO entity_mentions VALUES(531,'Memcached',3,16);
INSERT INTO entity_mentions VALUES(532,'MONGO-DB',3,17);
INSERT INTO entity_mentions VALUES(533,'MongoDB',3,17);
INSERT INTO entity_mentions VALUES(534,'Mongo DB',3,17);
INSERT INTO entity_mentions VALUES(535,'MangoDB',3,17);
INSERT INTO entity_mentions VALUES(536,'Mango DB',3,17);
INSERT INTO entity_mentions VALUES(537,'Microsoft - Microsoft SQL - 13.0',3,18);
INSERT INTO entity_mentions VALUES(538,'Microsoft - Microsoft SQL Server 2005 for Microsoft SQL Server 2005 Express Edition 2005',3,18);
INSERT INTO entity_mentions VALUES(539,'Microsoft - Microsoft SQL Server 2008 for Microsoft SQL Server 2008 Express Edition 2008',3,18);
INSERT INTO entity_mentions VALUES(540,'Microsoft - Microsoft SQL Server 2008 R2 for Microsoft SQL Server 2008 R2 Express Edition 2008',3,18);
INSERT INTO entity_mentions VALUES(541,'Microsoft - Microsoft SQL Server 2008 R2 for Microsoft SQL Server 2008 R2 Standard Edition 2008',3,18);
INSERT INTO entity_mentions VALUES(542,'Microsoft - Microsoft SQL Server 2012 for Microsoft SQL Server 2012 Standard Edition 2012',3,18);
INSERT INTO entity_mentions VALUES(543,'Microsoft - Microsoft SQL Server 2014 for Microsoft SQL Server 2014 Express Edition 2014',3,18);
INSERT INTO entity_mentions VALUES(544,'Microsoft - Microsoft SQL Server 2014 for Microsoft SQL Server 2014 Standard Edition 2014',3,18);
INSERT INTO entity_mentions VALUES(545,'Microsoft - SQL Server Express LocalDB 2014',3,18);
INSERT INTO entity_mentions VALUES(546,'Microsoft SQL Server',3,18);
INSERT INTO entity_mentions VALUES(547,'Microsoft SQL Server 1997 (SP4)',3,18);
INSERT INTO entity_mentions VALUES(548,'Microsoft SQL Server 2000',3,18);
INSERT INTO entity_mentions VALUES(549,'Microsoft SQL Server 2000 (SP4)',3,18);
INSERT INTO entity_mentions VALUES(550,'MICROSOFT SQL SERVER 2000 STANDARD EDITION 8.*',3,18);
INSERT INTO entity_mentions VALUES(551,'Microsoft SQL Server 2005',3,18);
INSERT INTO entity_mentions VALUES(552,'MICROSOFT SQL SERVER 2005 ENTERPRISE EDITION',3,18);
INSERT INTO entity_mentions VALUES(553,'MICROSOFT SQL SERVER 2005 STANDARD EDITION 9.*',3,18);
INSERT INTO entity_mentions VALUES(554,'Microsoft SQL Server 2008',3,18);
INSERT INTO entity_mentions VALUES(555,'Microsoft SQL Server 2008 (SP3) - 10.0.5500.0 (X64)',3,18);
INSERT INTO entity_mentions VALUES(556,'Microsoft SQL Server 2008 (SP4) - 10.0.6000.29 (X64)',3,18);
INSERT INTO entity_mentions VALUES(557,'MICROSOFT SQL SERVER 2008 DEVELOPER EDITION',3,18);
INSERT INTO entity_mentions VALUES(558,'MICROSOFT SQL SERVER 2008 ENTERPRISE EDITION',3,18);
INSERT INTO entity_mentions VALUES(559,'Microsoft SQL Server 2008 R2 (RTM) - 10.50.1600.1 (X64)',3,18);
INSERT INTO entity_mentions VALUES(560,'MICROSOFT SQL SERVER 2008 R2 ENTERPRISE EDITION 10.*',3,18);
INSERT INTO entity_mentions VALUES(561,'MICROSOFT SQL SERVER 2008 R2 ENTERPRISE EDITION 10.5',3,18);
INSERT INTO entity_mentions VALUES(562,'Microsoft SQL Server 2008 R2 Policies 10.50.1600.1',3,18);
INSERT INTO entity_mentions VALUES(563,'MICROSOFT SQL SERVER 2008 R2 STANDARD EDITION',3,18);
INSERT INTO entity_mentions VALUES(564,'MICROSOFT SQL SERVER 2008 R2 STANDARD EDITION 10.5',3,18);
INSERT INTO entity_mentions VALUES(565,'MICROSOFT SQL SERVER 2008 STANDARD EDITION',3,18);
INSERT INTO entity_mentions VALUES(566,'Microsoft SQL Server 2008R2',3,18);
INSERT INTO entity_mentions VALUES(567,'Microsoft SQL Server 2012',3,18);
INSERT INTO entity_mentions VALUES(568,'Microsoft SQL Server 2012 (SP4-GDR)',3,18);
INSERT INTO entity_mentions VALUES(569,'Microsoft SQL Server 2012 (SP4) (KB4018073) - 11.0.7001.0 (X64)',3,18);
INSERT INTO entity_mentions VALUES(570,'MICROSOFT SQL SERVER 2012 DEVELOPER EDITION',3,18);
INSERT INTO entity_mentions VALUES(571,'MICROSOFT SQL SERVER 2012 ENTERPRISE EDITION',3,18);
INSERT INTO entity_mentions VALUES(572,'MICROSOFT SQL SERVER 2012 ENTERPRISE EDITION 11',3,18);
INSERT INTO entity_mentions VALUES(573,'MICROSOFT SQL SERVER 2012 ENTERPRISE EDITION 11.0"',3,18);
INSERT INTO entity_mentions VALUES(574,'MICROSOFT SQL SERVER 2012 STANDARD EDITION',3,18);
INSERT INTO entity_mentions VALUES(575,'MICROSOFT SQL SERVER 2012 STANDARD EDITION 11',3,18);
INSERT INTO entity_mentions VALUES(576,'Microsoft SQL Server 2014',3,18);
INSERT INTO entity_mentions VALUES(577,'MICROSOFT SQL SERVER 2014 ENTERPRISE EDITION 12',3,18);
INSERT INTO entity_mentions VALUES(578,'MICROSOFT SQL SERVER 2014 STANDARD EDITION 12',3,18);
INSERT INTO entity_mentions VALUES(579,'MICROSOFT SQL SERVER 2014 STANDARD EDITION 12.0',3,18);
INSERT INTO entity_mentions VALUES(580,'Microsoft SQL Server 2016',3,18);
INSERT INTO entity_mentions VALUES(581,'Microsoft SQL Server 2016 - Service pack 2',3,18);
INSERT INTO entity_mentions VALUES(582,'Microsoft SQL Server 8.1',3,18);
INSERT INTO entity_mentions VALUES(583,'Microsoft SQL Server SQL Server 2005',3,18);
INSERT INTO entity_mentions VALUES(584,'Microsoft SQL Server SQL Server 2008 R2',3,18);
INSERT INTO entity_mentions VALUES(585,'Microsoft SQL Server Standard Edition',3,18);
INSERT INTO entity_mentions VALUES(586,'Microsoft SQL sever 2008 R2 SP 3',3,18);
INSERT INTO entity_mentions VALUES(587,'MS SQL',3,18);
INSERT INTO entity_mentions VALUES(588,'MS SQL Server 2008 R2 Enterprise',3,18);
INSERT INTO entity_mentions VALUES(589,'MS SQL Server 2005 Enterprise',3,18);
INSERT INTO entity_mentions VALUES(590,'MS SQL Server 2008 Standard R2',3,18);
INSERT INTO entity_mentions VALUES(591,'MS SQL Server 2005 Express',3,18);
INSERT INTO entity_mentions VALUES(592,'MS SQL Server 2008 Developer',3,18);
INSERT INTO entity_mentions VALUES(593,'MS SQL Server 2000 Standard',3,18);
INSERT INTO entity_mentions VALUES(594,'MS SQL Server 2014 Standard',3,18);
INSERT INTO entity_mentions VALUES(595,'MS SQL Server 2012 Standard',3,18);
INSERT INTO entity_mentions VALUES(596,'MS SQL Server 2008 R2 Express',3,18);
INSERT INTO entity_mentions VALUES(597,'MS SQL Server 2017',3,18);
INSERT INTO entity_mentions VALUES(598,'MS SQL Server 2012 Enterprise',3,18);
INSERT INTO entity_mentions VALUES(599,'MS SQL Server 2008 R2 Standard',3,18);
INSERT INTO entity_mentions VALUES(600,'MS SQL Server 2008 Enterprise',3,18);
INSERT INTO entity_mentions VALUES(601,'MS SQL Server 2014 Enterprise',3,18);
INSERT INTO entity_mentions VALUES(602,'MS SQL Server 2008 Enterprise R2',3,18);
INSERT INTO entity_mentions VALUES(603,'MS SQL Server 2008 Standard',3,18);
INSERT INTO entity_mentions VALUES(604,'MS SQL Server 2014 Express',3,18);
INSERT INTO entity_mentions VALUES(605,'MS SQL Server 2012 Developer',3,18);
INSERT INTO entity_mentions VALUES(606,'MS SQL Server 2008 Express',3,18);
INSERT INTO entity_mentions VALUES(607,'MS SQL Server 2005 Standard',3,18);
INSERT INTO entity_mentions VALUES(608,'MS SQL 2005SP4STD (9.4.5324)',3,18);
INSERT INTO entity_mentions VALUES(609,'MS SQL 2005SP3STD (9.3.4340)',3,18);
INSERT INTO entity_mentions VALUES(610,'MS SQL 2008R2SP2ENT (10.52.4042.0)',3,18);
INSERT INTO entity_mentions VALUES(611,'MS SQL 2008R2SP2STD (10.52.4042.0)',3,18);
INSERT INTO entity_mentions VALUES(612,'MS SQL 2008R2SP3STD (10.53.6220.0)',3,18);
INSERT INTO entity_mentions VALUES(613,'MS SQL 2008SP2STD (10.2.4067.0)',3,18);
INSERT INTO entity_mentions VALUES(614,'MS SQL 2012SP3STD (11.3.6020.0)',3,18);
INSERT INTO entity_mentions VALUES(615,'MS SQL 2014',3,18);
INSERT INTO entity_mentions VALUES(616,'MS SQL 2016 SP1',3,18);
INSERT INTO entity_mentions VALUES(617,'MS SQL Instance',3,18);
INSERT INTO entity_mentions VALUES(618,'MS SQL Server',3,18);
INSERT INTO entity_mentions VALUES(619,'MS SQL SERVER 08',3,18);
INSERT INTO entity_mentions VALUES(620,'MS SQL Server 2000',3,18);
INSERT INTO entity_mentions VALUES(621,'MS SQL Server 2005',3,18);
INSERT INTO entity_mentions VALUES(622,'MS SQL Server 2008',3,18);
INSERT INTO entity_mentions VALUES(623,'MS SQL server 2008 R2',3,18);
INSERT INTO entity_mentions VALUES(624,'MS SQL Server 2012',3,18);
INSERT INTO entity_mentions VALUES(625,'MS SQL Server 2014',3,18);
INSERT INTO entity_mentions VALUES(626,'MS SQL Server 2016',3,18);
INSERT INTO entity_mentions VALUES(627,'MS SQL Server MS SQL Server 2008',3,18);
INSERT INTO entity_mentions VALUES(628,'MS SQLServer',3,18);
INSERT INTO entity_mentions VALUES(629,'MSSQL',3,18);
INSERT INTO entity_mentions VALUES(630,'MSSQL Database Server',3,18);
INSERT INTO entity_mentions VALUES(631,'MSSQL2008',3,18);
INSERT INTO entity_mentions VALUES(632,'SQL 2000',3,18);
INSERT INTO entity_mentions VALUES(633,'SQL 2005',3,18);
INSERT INTO entity_mentions VALUES(634,'SQL 2008',3,18);
INSERT INTO entity_mentions VALUES(635,'SQL 2008 R2',3,18);
INSERT INTO entity_mentions VALUES(636,'SQL 2012',3,18);
INSERT INTO entity_mentions VALUES(637,'SQL 2012 Development Server',3,18);
INSERT INTO entity_mentions VALUES(638,'SQL 2014',3,18);
INSERT INTO entity_mentions VALUES(639,'SQl 2016',3,18);
INSERT INTO entity_mentions VALUES(640,'SQLServer',3,18);
INSERT INTO entity_mentions VALUES(641,'SQL Server',3,18);
INSERT INTO entity_mentions VALUES(642,'SQL Server 10.0.2531.0',3,18);
INSERT INTO entity_mentions VALUES(643,'SQL Server 10.0.5538.0',3,18);
INSERT INTO entity_mentions VALUES(644,'SQL Server 10.50.2550.0',3,18);
INSERT INTO entity_mentions VALUES(645,'SQL Server 11.0.2100.60',3,18);
INSERT INTO entity_mentions VALUES(646,'SQL Server 11.0.3156.0',3,18);
INSERT INTO entity_mentions VALUES(647,'SQL Server 11.0.5388.0',3,18);
INSERT INTO entity_mentions VALUES(648,'SQL Server 12.0.2000.8',3,18);
INSERT INTO entity_mentions VALUES(649,'SQL Server 2000',3,18);
INSERT INTO entity_mentions VALUES(650,'SQL Server 2000 SP4',3,18);
INSERT INTO entity_mentions VALUES(651,'SQL Server 2003',3,18);
INSERT INTO entity_mentions VALUES(652,'SQL Server 2005',3,18);
INSERT INTO entity_mentions VALUES(653,'SQL Server 2005 Standard',3,18);
INSERT INTO entity_mentions VALUES(654,'SQL Server 2008',3,18);
INSERT INTO entity_mentions VALUES(655,'SQL SERVER 2008 R2',3,18);
INSERT INTO entity_mentions VALUES(656,'SQL Server 2008 R2 Enterprize SP2 64Bit',3,18);
INSERT INTO entity_mentions VALUES(657,'SQL Server 2008 R2 RTM',3,18);
INSERT INTO entity_mentions VALUES(658,'SQL Server 2008 R2 SP1',3,18);
INSERT INTO entity_mentions VALUES(659,'SQL Server 2008 R2 SP3',3,18);
INSERT INTO entity_mentions VALUES(660,'SQL Server 2008 R2 STD SP1',3,18);
INSERT INTO entity_mentions VALUES(661,'SQL Server 2008 SP1',3,18);
INSERT INTO entity_mentions VALUES(662,'SQL Server 2008 SP4',3,18);
INSERT INTO entity_mentions VALUES(663,'sql server 2008 SQL',3,18);
INSERT INTO entity_mentions VALUES(664,'sql server 2009 SQL',3,18);
INSERT INTO entity_mentions VALUES(665,'sql server 2010 SQL',3,18);
INSERT INTO entity_mentions VALUES(666,'sql server 2011 SQL',3,18);
INSERT INTO entity_mentions VALUES(667,'SQL Server 2012',3,18);
INSERT INTO entity_mentions VALUES(668,'SQL Server 2012 SP2',3,18);
INSERT INTO entity_mentions VALUES(669,'SQL Server 2012 SP3',3,18);
INSERT INTO entity_mentions VALUES(670,'SQL Server 2012 SP4',3,18);
INSERT INTO entity_mentions VALUES(671,'sql server 2012 SQL',3,18);
INSERT INTO entity_mentions VALUES(672,'sql server 2013 SQL',3,18);
INSERT INTO entity_mentions VALUES(673,'SQL Server 2014',3,18);
INSERT INTO entity_mentions VALUES(674,'SQL Server 2014 SP2',3,18);
INSERT INTO entity_mentions VALUES(675,'SQL Server 2016',3,18);
INSERT INTO entity_mentions VALUES(676,'SQL Server 2016 SP1',3,18);
INSERT INTO entity_mentions VALUES(677,'SQL Server 2016 SP2',3,18);
INSERT INTO entity_mentions VALUES(678,'SQL Server 2017 RTM',3,18);
INSERT INTO entity_mentions VALUES(679,'SQL Server 9.0.1399.0',3,18);
INSERT INTO entity_mentions VALUES(680,'SQL Server 9.0.5069.0',3,18);
INSERT INTO entity_mentions VALUES(681,'sql2000',3,18);
INSERT INTO entity_mentions VALUES(682,'SQLSVR2008',3,18);
INSERT INTO entity_mentions VALUES(683,'microsoft sql',3,18);
INSERT INTO entity_mentions VALUES(684,'My SQL 0',3,19);
INSERT INTO entity_mentions VALUES(685,'MYSQL',3,19);
INSERT INTO entity_mentions VALUES(686,'MySQL AB - MySQL - 15.1',3,19);
INSERT INTO entity_mentions VALUES(687,'MySQL AB - MySQL Server 5.5',3,19);
INSERT INTO entity_mentions VALUES(688,'MySQL AB - MySQL Server 5.7',3,19);
INSERT INTO entity_mentions VALUES(689,'MySQL Enterprise Server - 8.0.16',3,19);
INSERT INTO entity_mentions VALUES(690,'MySQL Instance',3,19);
INSERT INTO entity_mentions VALUES(691,'mysql on linux',3,19);
INSERT INTO entity_mentions VALUES(692,'Sun - Sun Microsystems MySQL Server Community Edition 5.6',3,19);
INSERT INTO entity_mentions VALUES(693,'Nexus',3,20);
INSERT INTO entity_mentions VALUES(694,'Nexus Repository OSS',3,20);
INSERT INTO entity_mentions VALUES(695,'Nginx',6,33);
INSERT INTO entity_mentions VALUES(696,'Nginx (Linux)',6,33);
INSERT INTO entity_mentions VALUES(697,'Nginx 1',6,33);
INSERT INTO entity_mentions VALUES(698,'Nginx 1 (Linux)',6,33);
INSERT INTO entity_mentions VALUES(699,'Nginx 3',6,33);
INSERT INTO entity_mentions VALUES(700,'Nginx 3 (Linux)',6,33);
INSERT INTO entity_mentions VALUES(701,'node',4,101);
INSERT INTO entity_mentions VALUES(702,'Node.js 0.10',4,101);
INSERT INTO entity_mentions VALUES(703,'Node.js 0.10 (Linux)',4,101);
INSERT INTO entity_mentions VALUES(704,'Node.js 0.12',4,101);
INSERT INTO entity_mentions VALUES(705,'Node.js 0.8',4,101);
INSERT INTO entity_mentions VALUES(706,'Node.js 10',4,101);
INSERT INTO entity_mentions VALUES(707,'Node.js 4',4,101);
INSERT INTO entity_mentions VALUES(708,'Node.js 4 (Linux)',4,101);
INSERT INTO entity_mentions VALUES(709,'Node.js 5',4,101);
INSERT INTO entity_mentions VALUES(710,'Node.js 6',4,101);
INSERT INTO entity_mentions VALUES(711,'Node.js 8',4,101);
INSERT INTO entity_mentions VALUES(712,'Nodejs',4,101);
INSERT INTO entity_mentions VALUES(713,'Nodejs Foundation - nodejs - node.js 11.7.0',4,101);
INSERT INTO entity_mentions VALUES(714,'TS-Node.js 0.10',4,101);
INSERT INTO entity_mentions VALUES(715,'TS-Node.js 11',4,101);
INSERT INTO entity_mentions VALUES(716,'TS-Node.js 6',4,101);
INSERT INTO entity_mentions VALUES(717,'TS-Node.js 8',4,101);
INSERT INTO entity_mentions VALUES(718,'Node.js',4,101);
INSERT INTO entity_mentions VALUES(719,'Obj-C',2,47);
INSERT INTO entity_mentions VALUES(720,'Objective C',2,47);
INSERT INTO entity_mentions VALUES(721,'Objective-C',2,47);
INSERT INTO entity_mentions VALUES(722,'Symas OpenLDAP',3,21);
INSERT INTO entity_mentions VALUES(723,'OpenLDAP',3,21);
INSERT INTO entity_mentions VALUES(724,'Esapi',1,94);
INSERT INTO entity_mentions VALUES(725,'OWASP Enterprise Security API',1,94);
INSERT INTO entity_mentions VALUES(726,'OWASP Enterprise Security API (ESAPI)',1,94);
INSERT INTO entity_mentions VALUES(727,'Perl',2,48);
INSERT INTO entity_mentions VALUES(728,'Perl 5.8.4',2,48);
INSERT INTO entity_mentions VALUES(729,'ActiveState Tool Corp. - ActivePerl 5.12',2,49);
INSERT INTO entity_mentions VALUES(730,'ActiveState Tool Corp. - ActivePerl 5.8',2,49);
INSERT INTO entity_mentions VALUES(731,'ActivePerl',2,49);
INSERT INTO entity_mentions VALUES(732,'ORAPERL',1,95);
INSERT INTO entity_mentions VALUES(733,'REX',2,50);
INSERT INTO entity_mentions VALUES(734,'PHP',2,51);
INSERT INTO entity_mentions VALUES(735,'PHP 5.4',2,51);
INSERT INTO entity_mentions VALUES(736,'postgres',3,22);
INSERT INTO entity_mentions VALUES(737,'PostGreSQL',3,22);
INSERT INTO entity_mentions VALUES(738,'PostgreSQL 0',3,22);
INSERT INTO entity_mentions VALUES(739,'Postgress',3,22);
INSERT INTO entity_mentions VALUES(740,'Python',2,52);
INSERT INTO entity_mentions VALUES(741,'Python - Python - Python 2',2,52);
INSERT INTO entity_mentions VALUES(742,'Python 2',2,52);
INSERT INTO entity_mentions VALUES(743,'Python Software Foundation - Python 2.6',2,52);
INSERT INTO entity_mentions VALUES(744,'rabbit mq',3,23);
INSERT INTO entity_mentions VALUES(745,'RMQ',3,23);
INSERT INTO entity_mentions VALUES(746,'RabbitMQ',3,23);
INSERT INTO entity_mentions VALUES(747,'redis',3,24);
INSERT INTO entity_mentions VALUES(748,'Ruby',2,53);
INSERT INTO entity_mentions VALUES(749,'SAS',2,54);
INSERT INTO entity_mentions VALUES(750,'SAS 9.2',2,54);
INSERT INTO entity_mentions VALUES(751,'Spark',6,34);
INSERT INTO entity_mentions VALUES(752,'Splunk',3,25);
INSERT INTO entity_mentions VALUES(753,'Swift',2,55);
INSERT INTO entity_mentions VALUES(754,'VMware - VMware Tools 10.2',3,26);
INSERT INTO entity_mentions VALUES(755,'VMware Tools',3,26);
INSERT INTO entity_mentions VALUES(756,'IBM - WebSphere Application Server - Base 8.5',6,35);
INSERT INTO entity_mentions VALUES(757,'IBM WebSphere',6,35);
INSERT INTO entity_mentions VALUES(758,'IBM WebSphere 8.5',6,35);
INSERT INTO entity_mentions VALUES(759,'websphere',6,35);
INSERT INTO entity_mentions VALUES(760,'websphere  8.0.0.4',6,35);
INSERT INTO entity_mentions VALUES(761,'IBM WebSphere Application',6,35);
INSERT INTO entity_mentions VALUES(762,'IBM WebSphere Application Server 8.5',6,35);
INSERT INTO entity_mentions VALUES(763,'IBM WebSphere Application Server Network Deployment 7',6,35);
INSERT INTO entity_mentions VALUES(764,'IBM WebSphere Application Server Network Deployment, 8.0.0.5',6,35);
INSERT INTO entity_mentions VALUES(765,'IBM WEBSPHERE APPLICATION SERVER VERSION 6.1.0',6,35);
INSERT INTO entity_mentions VALUES(766,'WAS',6,35);
INSERT INTO entity_mentions VALUES(767,'WAS 6.1',6,35);
INSERT INTO entity_mentions VALUES(768,'WAS 6.x',6,35);
INSERT INTO entity_mentions VALUES(769,'WAS 7',6,35);
INSERT INTO entity_mentions VALUES(770,'WAS ND8.5',6,35);
INSERT INTO entity_mentions VALUES(771,'WAS7',6,35);
INSERT INTO entity_mentions VALUES(772,'Websphere (WAS7)',6,35);
INSERT INTO entity_mentions VALUES(773,'WebSphere 7.0.0.27',6,35);
INSERT INTO entity_mentions VALUES(774,'Websphere 9.0',6,35);
INSERT INTO entity_mentions VALUES(775,'WEBSPHERE APPLICATION SERVER',6,35);
INSERT INTO entity_mentions VALUES(776,'WEBSPHERE APPLICATION SERVER - BASE VERSION 8.5.5',6,35);
INSERT INTO entity_mentions VALUES(777,'WebSphere Application Server 5.0',6,35);
INSERT INTO entity_mentions VALUES(778,'WebSphere Application Server 5.1',6,35);
INSERT INTO entity_mentions VALUES(779,'WEBSPHERE APPLICATION SERVER 6.1',6,35);
INSERT INTO entity_mentions VALUES(780,'Websphere Application Server 6.x',6,35);
INSERT INTO entity_mentions VALUES(781,'WEBSPHERE APPLICATION SERVER 8',6,35);
INSERT INTO entity_mentions VALUES(782,'WebSphere Application Server 8.0',6,35);
INSERT INTO entity_mentions VALUES(783,'WebSphere Application Server 8.5',6,35);
INSERT INTO entity_mentions VALUES(784,'WebSphere Application Server 8.5.1',6,35);
INSERT INTO entity_mentions VALUES(785,'WEBSPHERE APPLICATION SERVER 8.5.5',6,35);
INSERT INTO entity_mentions VALUES(786,'Websphere Application Server 8.5.5.11',6,35);
INSERT INTO entity_mentions VALUES(787,'WebSphere Application Server 8.5.5.6',6,35);
INSERT INTO entity_mentions VALUES(788,'WebSphere Application Server 8.5.5.8',6,35);
INSERT INTO entity_mentions VALUES(789,'WebSphere 8.0.0.4',6,35);
INSERT INTO entity_mentions VALUES(790,'WebSphere Application Server 6.1 (WAS)',6,35);
INSERT INTO entity_mentions VALUES(791,'WebSphere Application Server 8.5 (WAS)',6,35);
INSERT INTO entity_mentions VALUES(792,'WebSphere Application Server 9.0',6,35);
INSERT INTO entity_mentions VALUES(793,'Websphere AS (JVM)',6,35);
INSERT INTO entity_mentions VALUES(794,'WebSphere Application Server (WAS)',6,35);
INSERT INTO entity_mentions VALUES(795,'WebSphere App Server',6,35);
INSERT INTO entity_mentions VALUES(796,'WebSphere Liberty',6,36);
INSERT INTO entity_mentions VALUES(797,'WebSphere Application Server Liberty',6,36);
INSERT INTO entity_mentions VALUES(798,'WAS Liberty',6,36);
INSERT INTO entity_mentions VALUES(799,'Open Liberty',6,36);
INSERT INTO entity_mentions VALUES(800,'OpenStack Liberty',6,36);
INSERT INTO entity_mentions VALUES(801,'IBM WebSphere Liberty',6,36);
INSERT INTO entity_mentions VALUES(802,'IBM WebSphere Application Server Liberty',6,36);
INSERT INTO entity_mentions VALUES(803,'IBM WAS Liberty',6,36);
INSERT INTO entity_mentions VALUES(804,'IBM Open Liberty',6,36);
INSERT INTO entity_mentions VALUES(805,'IBM OpenStack Liberty',6,36);
INSERT INTO entity_mentions VALUES(806,'IBM Cloud WebSphere Liberty',6,36);
INSERT INTO entity_mentions VALUES(807,'Wherescape Red',3,27);
INSERT INTO entity_mentions VALUES(808,'Wildfly',7,99);
INSERT INTO entity_mentions VALUES(809,'JBoss Application Server',7,99);
CREATE TABLE entity_relations (
                                        id integer PRIMARY KEY AUTOINCREMENT,
                                        entity_parent_type_id integer NOT NULL,
                                        entity_parent_id integer NOT NULL,
                                        entity_child_type_id integer NOT NULL,
                                        entity_child_id integer NOT NULL,
                                        COTS text,                                        
                                        FOREIGN KEY (entity_parent_type_id) REFERENCES entity_types (id),
                                        FOREIGN KEY (entity_child_type_id) REFERENCES entity_types (id),
                                        FOREIGN KEY (entity_parent_id) REFERENCES entities (id),
                                        FOREIGN KEY (entity_child_id) REFERENCES entities (id)                                                                
                                    );
INSERT INTO entity_relations VALUES(1,5,102,4,101,'');
INSERT INTO entity_relations VALUES(2,6,31,7,98,'');
INSERT INTO entity_relations VALUES(3,2,105,1,56,'');
INSERT INTO entity_relations VALUES(4,2,105,1,57,'');
INSERT INTO entity_relations VALUES(5,2,105,1,58,'');
INSERT INTO entity_relations VALUES(6,2,105,1,59,'');
INSERT INTO entity_relations VALUES(7,2,105,1,60,'');
INSERT INTO entity_relations VALUES(8,2,105,1,61,'');
INSERT INTO entity_relations VALUES(9,2,105,1,62,'');
INSERT INTO entity_relations VALUES(10,2,105,1,63,'');
INSERT INTO entity_relations VALUES(11,2,105,1,64,'');
INSERT INTO entity_relations VALUES(12,2,105,1,65,'');
INSERT INTO entity_relations VALUES(13,2,105,1,66,'');
INSERT INTO entity_relations VALUES(14,2,105,1,67,'');
INSERT INTO entity_relations VALUES(15,2,105,1,68,'');
INSERT INTO entity_relations VALUES(16,2,105,1,69,'');
INSERT INTO entity_relations VALUES(17,2,105,1,70,'');
INSERT INTO entity_relations VALUES(18,2,105,1,71,'');
INSERT INTO entity_relations VALUES(19,2,105,1,72,'');
INSERT INTO entity_relations VALUES(20,2,105,1,73,'');
INSERT INTO entity_relations VALUES(21,2,105,1,74,'');
INSERT INTO entity_relations VALUES(22,2,105,1,75,'');
INSERT INTO entity_relations VALUES(23,2,105,1,76,'');
INSERT INTO entity_relations VALUES(24,2,105,1,77,'');
INSERT INTO entity_relations VALUES(25,2,105,1,78,'');
INSERT INTO entity_relations VALUES(26,2,105,1,79,'');
INSERT INTO entity_relations VALUES(27,2,105,1,80,'');
INSERT INTO entity_relations VALUES(28,2,105,1,81,'');
INSERT INTO entity_relations VALUES(29,2,105,1,82,'');
INSERT INTO entity_relations VALUES(30,2,110,1,83,'');
INSERT INTO entity_relations VALUES(31,2,110,1,84,'');
INSERT INTO entity_relations VALUES(32,2,110,1,85,'');
INSERT INTO entity_relations VALUES(33,2,110,1,86,'');
INSERT INTO entity_relations VALUES(34,2,110,1,87,'');
INSERT INTO entity_relations VALUES(35,2,110,1,88,'');
INSERT INTO entity_relations VALUES(36,2,110,1,89,'');
INSERT INTO entity_relations VALUES(37,2,110,1,90,'');
INSERT INTO entity_relations VALUES(38,2,110,1,91,'');
INSERT INTO entity_relations VALUES(39,2,110,1,92,'');
INSERT INTO entity_relations VALUES(40,2,110,1,93,'');
INSERT INTO entity_relations VALUES(41,2,105,1,94,'');
INSERT INTO entity_relations VALUES(42,2,110,1,94,'');
INSERT INTO entity_relations VALUES(43,2,107,1,94,'');
INSERT INTO entity_relations VALUES(44,2,108,1,94,'');
INSERT INTO entity_relations VALUES(45,2,106,1,95,'');
INSERT INTO entity_relations VALUES(46,5,102,2,39,'');
INSERT INTO entity_relations VALUES(47,5,102,2,106,'');
INSERT INTO entity_relations VALUES(48,5,102,2,51,'');
INSERT INTO entity_relations VALUES(49,5,102,2,55,'');
INSERT INTO entity_relations VALUES(50,5,102,6,28,'');
INSERT INTO entity_relations VALUES(51,5,97,6,29,'');
INSERT INTO entity_relations VALUES(52,5,102,6,29,'');
INSERT INTO entity_relations VALUES(53,5,102,6,30,'');
INSERT INTO entity_relations VALUES(54,5,102,6,31,'');
INSERT INTO entity_relations VALUES(55,5,97,6,31,'');
INSERT INTO entity_relations VALUES(56,5,102,6,33,'');
INSERT INTO entity_relations VALUES(57,5,102,6,34,'');
INSERT INTO entity_relations VALUES(58,5,102,6,35,'');
INSERT INTO entity_relations VALUES(59,5,102,6,36,'');
INSERT INTO entity_relations VALUES(60,5,102,6,31,'');
INSERT INTO entity_relations VALUES(61,5,102,3,1,'');
INSERT INTO entity_relations VALUES(62,5,102,3,2,'');
INSERT INTO entity_relations VALUES(63,5,102,3,3,'');
INSERT INTO entity_relations VALUES(64,5,102,3,4,'');
INSERT INTO entity_relations VALUES(65,5,102,3,5,'');
INSERT INTO entity_relations VALUES(66,5,102,3,6,'');
INSERT INTO entity_relations VALUES(67,5,97,3,7,'');
INSERT INTO entity_relations VALUES(68,5,102,3,10,'');
INSERT INTO entity_relations VALUES(69,5,102,3,11,'');
INSERT INTO entity_relations VALUES(70,5,102,3,12,'');
INSERT INTO entity_relations VALUES(71,5,97,3,14,'');
INSERT INTO entity_relations VALUES(72,5,102,3,17,'');
INSERT INTO entity_relations VALUES(73,5,102,3,103,'');
INSERT INTO entity_relations VALUES(74,5,102,3,19,'');
INSERT INTO entity_relations VALUES(75,5,102,3,22,'');
INSERT INTO entity_relations VALUES(76,5,102,3,23,'');
INSERT INTO entity_relations VALUES(77,5,97,3,24,'');
INSERT INTO entity_relations VALUES(78,5,102,3,25,'');
INSERT INTO entity_relations VALUES(79,5,102,3,27,'');
INSERT INTO entity_relations VALUES(80,5,102,3,8,'');
INSERT INTO entity_relations VALUES(81,5,102,3,9,'');
INSERT INTO entity_relations VALUES(82,5,97,3,15,'');
INSERT INTO entity_relations VALUES(83,5,102,3,16,'');
INSERT INTO entity_relations VALUES(84,5,97,3,26,'');
CREATE TABLE docker_baseos_images (
                                        id integer PRIMARY KEY AUTOINCREMENT,
                                        container_name text NOT NULL,
                                        OS integer NOT NULL,
                                        Docker_URL  text NOT NULL,                                        
                                        Notes text,
                                        CertOfImageAndPublisher text,
                                        Certification_Status text,
                                        OfficialImage text,    
                                        VerifiedPublisher text,
                                        OpenShift_Correspondent_Image_URL text,
                                        OpenShiftStatus text,
                                        FOREIGN KEY (OS) REFERENCES entity_types (id)
                                    );
INSERT INTO docker_baseos_images VALUES(1,'Red Hat Enterprise Linux',97,'https://hub.docker.com/r/roboxes/rhel7','','certified','','NotApplicable','NotApplicable','https://catalog.redhat.com/software/containers/rhel7/57ea8cee9c624c035f96f3af','');
CREATE TABLE openshift_baseos_images (
                                        id integer PRIMARY KEY AUTOINCREMENT,
                                        container_name text NOT NULL,
                                        OS integer NOT NULL,
                                        OpenShift_Correspondent_Image_URL  text NOT NULL,                                        
                                        Notes text,
                                        OpenShiftStatus text,
                                        DockerImageType text,
                                        FOREIGN KEY (OS) REFERENCES entity_types (id)
                                    );
INSERT INTO openshift_baseos_images VALUES(1,'Red Hat Enterprise Linux',97,'https://catalog.redhat.com/software/containers/rhel7/57ea8cee9c624c035f96f3af','','','');
CREATE TABLE docker_images (
                                        id integer PRIMARY KEY AUTOINCREMENT,
                                        container_name text NOT NULL,
                                        OS integer NOT NULL,
                                        lang integer,
                                        lib integer,
                                        app integer,
                                        app_server integer,
                                        plugin integer,
                                        runlib integer,
                                        runtime integer,
                                        Docker_URL  text NOT NULL,                                        
                                        Notes text,
                                        CertOfImageAndPublisher text,
                                        FOREIGN KEY (OS) REFERENCES entity_types (id),
                                        FOREIGN KEY (lang) REFERENCES entity_types (id),
                                        FOREIGN KEY (lib) REFERENCES entity_types (id),
                                        FOREIGN KEY (app) REFERENCES entity_types (id),
                                        FOREIGN KEY (app_server) REFERENCES entity_types (id),
                                        FOREIGN KEY (plugin) REFERENCES entity_types (id),
                                        FOREIGN KEY (runlib) REFERENCES entity_types (id),
                                        FOREIGN KEY (runtime) REFERENCES entity_types (id)                                     
                                    );
INSERT INTO docker_images VALUES(1,'OpenLDAP',96,NULL,NULL,21,NULL,NULL,NULL,NULL,'https://github.com/osixia/docker-openldap','','');
INSERT INTO docker_images VALUES(2,'gcc',96,37,NULL,NULL,NULL,NULL,NULL,NULL,'https://hub.docker.com/_/gcc','DevOps Tools|Application Frameworks','Official Image');
INSERT INTO docker_images VALUES(3,'glassfish',96,42,NULL,NULL,NULL,NULL,NULL,NULL,'https://hub.docker.com/_/glassfish','','Official Image');
INSERT INTO docker_images VALUES(4,'golang_Linux',96,39,NULL,NULL,NULL,NULL,NULL,NULL,'https://hub.docker.com/_/golang','Programming Languages','Official Image');
INSERT INTO docker_images VALUES(5,'haproxy',96,NULL,NULL,NULL,30,NULL,NULL,NULL,'https://hub.docker.com/_/haproxy','Application Infrastructure','Official Image');
INSERT INTO docker_images VALUES(6,'httpd',96,NULL,NULL,NULL,28,NULL,NULL,NULL,'https://hub.docker.com/_/httpd','Application Infrastructure','Official Image');
INSERT INTO docker_images VALUES(7,'jenkins',96,NULL,NULL,14,NULL,NULL,NULL,NULL,'https://hub.docker.com/_/jenkins/','DevOps Tools','Official Image');
INSERT INTO docker_images VALUES(8,'MarkLogic',96,NULL,NULL,15,NULL,NULL,NULL,NULL,'https://hub.docker.com/_/marklogic','Analytics|Databases|Application Infrastructure','Verified Publisher');
INSERT INTO docker_images VALUES(9,'memcached',96,NULL,NULL,16,NULL,NULL,NULL,NULL,'https://hub.docker.com/_/memcached','Storage','Official Image');
INSERT INTO docker_images VALUES(10,'Java SE JRE_Linux',96,NULL,NULL,NULL,NULL,NULL,NULL,100,'https://hub.docker.com/_/microsoft-java-jre','Base Images ::: splitted from original Row #35: "Java SE JRE"','Verified Publisher, Docker Certified');
INSERT INTO docker_images VALUES(11,'Microsoft SQL Server',96,NULL,NULL,18,NULL,NULL,NULL,NULL,'https://hub.docker.com/_/microsoft-mssql-server','Base Images','Verified Publisher');
INSERT INTO docker_images VALUES(12,'Mongo_Linux',96,NULL,NULL,17,NULL,NULL,NULL,NULL,'https://hub.docker.com/_/mongo','Databases','Official Image');
INSERT INTO docker_images VALUES(13,'mysql',96,NULL,NULL,19,NULL,NULL,NULL,NULL,'https://hub.docker.com/_/mysql','Databases','Official Image');
INSERT INTO docker_images VALUES(14,'nginx',96,NULL,NULL,NULL,33,NULL,NULL,NULL,'https://hub.docker.com/_/nginx','Application Infrastructure','Official Image');
INSERT INTO docker_images VALUES(15,'node',96,NULL,NULL,NULL,NULL,NULL,NULL,101,'https://hub.docker.com/_/node/','Application Infrastructure','Official Image');
INSERT INTO docker_images VALUES(16,'Oracle WebLogic Server',96,42,NULL,NULL,NULL,NULL,NULL,NULL,'https://hub.docker.com/_/oracle-weblogic-server-12c','Application Frameworks|Application Infrastructure','Verified Publisher, Docker Certified');
INSERT INTO docker_images VALUES(17,'php',96,51,NULL,NULL,NULL,NULL,NULL,NULL,'https://hub.docker.com/_/php','Programming Languages','Official Image');
INSERT INTO docker_images VALUES(18,'Python_Linux',96,52,NULL,NULL,NULL,NULL,NULL,NULL,'https://hub.docker.com/_/python','Programming Languages','Official Image');
INSERT INTO docker_images VALUES(19,'rabbitmq',96,NULL,NULL,23,NULL,NULL,NULL,NULL,'https://hub.docker.com/_/rabbitmq','Messaging Services','Official Image');
INSERT INTO docker_images VALUES(20,'rails',96,53,NULL,NULL,NULL,NULL,NULL,NULL,'https://hub.docker.com/_/rails/','','Official Image');
INSERT INTO docker_images VALUES(21,'redis_Linux',96,NULL,NULL,24,NULL,NULL,NULL,NULL,'https://hub.docker.com/_/redis/','Databases','Official Image');
INSERT INTO docker_images VALUES(22,'ruby',96,53,NULL,NULL,NULL,NULL,NULL,NULL,'https://hub.docker.com/_/ruby','Programming Languages','Official Image');
INSERT INTO docker_images VALUES(23,'sonarqube',96,40,NULL,NULL,NULL,NULL,NULL,NULL,'https://hub.docker.com/_/sonarqube/','DevOps Tools','Official Image');
INSERT INTO docker_images VALUES(24,'swift',96,55,NULL,NULL,NULL,NULL,NULL,NULL,'https://hub.docker.com/_/swift','Base Images|Programming Languages','Official Image');
INSERT INTO docker_images VALUES(25,'tomcat',96,40,NULL,NULL,29,NULL,NULL,NULL,'https://hub.docker.com/_/tomcat','Application Infrastructure','Official Image');
INSERT INTO docker_images VALUES(26,'websphere-liberty',96,40,NULL,NULL,36,NULL,NULL,NULL,'https://hub.docker.com/_/websphere-liberty','','Official Image');
INSERT INTO docker_images VALUES(27,'wordpress',96,51,NULL,NULL,NULL,NULL,NULL,NULL,'https://hub.docker.com/_/wordpress/','Application Services','Official Image');
INSERT INTO docker_images VALUES(28,'hive',96,NULL,NULL,3,NULL,NULL,NULL,NULL,'https://hub.docker.com/r/bde2020/hive','','');
INSERT INTO docker_images VALUES(29,'db2',96,NULL,NULL,6,NULL,NULL,NULL,NULL,'https://hub.docker.com/r/ibmcom/db2','','');
INSERT INTO docker_images VALUES(30,'mq',96,NULL,NULL,10,NULL,NULL,NULL,NULL,'https://hub.docker.com/r/ibmcom/mq/','IBM MQ Advanced for Developers','');
INSERT INTO docker_images VALUES(31,'websphere-portal',96,40,NULL,NULL,NULL,NULL,NULL,NULL,'https://hub.docker.com/r/ibmcom/websphere-portal/','','');
INSERT INTO docker_images VALUES(32,'websphere-traditional',96,40,NULL,NULL,35,NULL,NULL,NULL,'https://hub.docker.com/r/ibmcom/websphere-traditional/','','');
INSERT INTO docker_images VALUES(33,'base',96,NULL,NULL,NULL,31,NULL,NULL,NULL,'https://hub.docker.com/r/jboss/base/','','');
INSERT INTO docker_images VALUES(34,'wildfly',96,NULL,NULL,NULL,99,NULL,NULL,NULL,'https://hub.docker.com/r/jboss/wildfly/','','');
INSERT INTO docker_images VALUES(35,'nginx-proxy',96,NULL,NULL,NULL,33,NULL,NULL,NULL,'https://hub.docker.com/r/jwilder/nginx-proxy/','','');
INSERT INTO docker_images VALUES(36,'javascript-node.js',96,46,NULL,NULL,NULL,NULL,NULL,101,'https://hub.docker.com/r/nacyot/javascript-node.js/','','');
INSERT INTO docker_images VALUES(37,'objectivec-gcc',96,47,NULL,NULL,NULL,NULL,NULL,NULL,'https://hub.docker.com/r/nacyot/objectivec-gcc/','','');
INSERT INTO docker_images VALUES(38,'nginx-ingress',96,NULL,NULL,12,NULL,NULL,NULL,NULL,'https://hub.docker.com/r/nginx/nginx-ingress/','','');
INSERT INTO docker_images VALUES(39,'node-red-docker',96,NULL,NULL,27,NULL,NULL,NULL,NULL,'https://hub.docker.com/r/nodered/node-red-docker/','','');
INSERT INTO docker_images VALUES(40,'sas',96,54,NULL,NULL,NULL,NULL,NULL,NULL,'https://hub.docker.com/r/paulohms/sas/','','');
INSERT INTO docker_images VALUES(41,'activemq',96,NULL,NULL,2,NULL,NULL,NULL,NULL,'https://hub.docker.com/r/rmohr/activemq/','','');
INSERT INTO docker_images VALUES(42,'hadoop-docker',96,NULL,NULL,7,NULL,NULL,NULL,NULL,'https://hub.docker.com/r/sequenceiq/hadoop-docker/','','');
INSERT INTO docker_images VALUES(43,'nexus3',96,NULL,NULL,20,NULL,NULL,NULL,NULL,'https://hub.docker.com/r/sonatype/nexus3/','','');
INSERT INTO docker_images VALUES(44,'splunk',96,NULL,NULL,25,NULL,NULL,NULL,NULL,'https://hub.docker.com/r/splunk/splunk/','','');
INSERT INTO docker_images VALUES(45,'IBM Transformation Extender',96,NULL,NULL,11,NULL,NULL,NULL,NULL,'https://www.ibm.com/support/pages/release-notes-ibm-transformation-extender-v1000','','');
INSERT INTO docker_images VALUES(46,'openjdk_Linux',96,40,NULL,NULL,NULL,NULL,NULL,NULL,'https://hub.docker.com/_/openjdk','Programming Languages','Official Image');
INSERT INTO docker_images VALUES(47,'perl',96,48,NULL,NULL,NULL,NULL,NULL,NULL,'https://hub.docker.com/_/perl/','Programming Languages','Official Image');
INSERT INTO docker_images VALUES(48,'postgres',96,NULL,NULL,22,NULL,NULL,NULL,NULL,'https://hub.docker.com/_/postgres','Databases','Official Image');
INSERT INTO docker_images VALUES(49,'solr',96,NULL,NULL,5,NULL,NULL,NULL,NULL,'https://hub.docker.com/_/solr/','Analytics|Application Services','Official Image');
INSERT INTO docker_images VALUES(50,'odm',96,NULL,NULL,9,NULL,NULL,NULL,NULL,'https://hub.docker.com/r/ibmcom/odm/','','');
CREATE TABLE openshift_images (
                                        id integer PRIMARY KEY AUTOINCREMENT,
                                        container_name text NOT NULL,
                                        OS integer NOT NULL,
                                        lang integer,
                                        lib integer,
                                        app integer,
                                        app_server integer,
                                        plugin integer,
                                        runlib integer,
                                        runtime integer,
                                        OpenShift_Correspondent_Image_URL  text NOT NULL,                                        
                                        DockerImageType text,
                                        FOREIGN KEY (OS) REFERENCES entity_types (id),
                                        FOREIGN KEY (lang) REFERENCES entity_types (id),
                                        FOREIGN KEY (lib) REFERENCES entity_types (id),
                                        FOREIGN KEY (app) REFERENCES entity_types (id),
                                        FOREIGN KEY (app_server) REFERENCES entity_types (id),
                                        FOREIGN KEY (plugin) REFERENCES entity_types (id),
                                        FOREIGN KEY (runlib) REFERENCES entity_types (id),
                                        FOREIGN KEY (runtime) REFERENCES entity_types (id)
                                    );
INSERT INTO openshift_images VALUES(1,'IBM Maximo Asset Management',97,NULL,NULL,8,NULL,NULL,NULL,NULL,'https://access.redhat.com/containers/#/non_registry/ibm/ema-maximo-integration','App');
INSERT INTO openshift_images VALUES(2,'OpenLDAP',97,NULL,NULL,21,NULL,NULL,NULL,NULL,'https://access.redhat.com/containers/#/non_registry/ibm/apiconnect-ldap-v2018','App');
INSERT INTO openshift_images VALUES(3,'gcc',96,37,NULL,NULL,NULL,NULL,NULL,NULL,'https://access.redhat.com/containers/#/registry.access.redhat.com/rhel8/gcc-toolset-9-perftools','Lang');
INSERT INTO openshift_images VALUES(4,'golang_Linux',97,39,NULL,NULL,NULL,NULL,NULL,NULL,'https://access.redhat.com/containers/#/registry.access.redhat.com/codeready-workspaces/stacks-golang-rhel8','Lang(OS specific)');
INSERT INTO openshift_images VALUES(5,'haproxy',97,NULL,NULL,NULL,30,NULL,NULL,NULL,'https://access.redhat.com/containers/#/registry.access.redhat.com/openshift4/ose-haproxy-router','App Server');
INSERT INTO openshift_images VALUES(6,'httpd',97,NULL,NULL,NULL,28,NULL,NULL,NULL,'https://access.redhat.com/containers/#/registry.access.redhat.com/rhscl/httpd-24-rhel7','App Server');
INSERT INTO openshift_images VALUES(7,'jenkins',97,NULL,NULL,14,NULL,NULL,NULL,NULL,'https://access.redhat.com/containers/#/registry.access.redhat.com/openshift3/jenkins-2-rhel7','App');
INSERT INTO openshift_images VALUES(8,'MarkLogic',97,NULL,NULL,15,NULL,NULL,NULL,NULL,'https://access.redhat.com/containers/#/docker.io/store/marklogicdb/marklogic-server','App');
INSERT INTO openshift_images VALUES(9,'memcached',97,NULL,NULL,16,NULL,NULL,NULL,NULL,'https://access.redhat.com/containers/#/registry.access.redhat.com/rhel8/memcached','App');
INSERT INTO openshift_images VALUES(10,'Java SE JRE_Linux',97,NULL,NULL,NULL,NULL,NULL,NULL,100,'https://access.redhat.com/containers/#/registry.access.redhat.com/openjdk/openjdk-11-rhel7','Runtime(OS specific)');
INSERT INTO openshift_images VALUES(11,'Microsoft SQL Server',97,NULL,NULL,18,NULL,NULL,NULL,NULL,'https://catalog.redhat.com/software/containers/mssql/rhel/server/5ba50865f5a0de06555a2ee7','App');
INSERT INTO openshift_images VALUES(12,'Mongo_Linux',97,NULL,NULL,17,NULL,NULL,NULL,NULL,'https://access.redhat.com/containers/#/registry.access.redhat.com/rhscl/mongodb-34-rhel7','App(OS specific)');
INSERT INTO openshift_images VALUES(13,'mysql',97,NULL,NULL,19,NULL,NULL,NULL,NULL,'https://catalog.redhat.com/software/containers/rhel8/mysql-80/5ba0ad4cdd19c70b45cbf48c','App');
INSERT INTO openshift_images VALUES(14,'nginx',97,NULL,NULL,NULL,33,NULL,NULL,NULL,'https://access.redhat.com/containers/#/non_registry/ibm/nginx','App Server');
INSERT INTO openshift_images VALUES(15,'node',96,NULL,NULL,NULL,NULL,NULL,NULL,101,'https://access.redhat.com/containers/#/registry.access.redhat.com/ubi8/nodejs-10','Runtime');
INSERT INTO openshift_images VALUES(16,'php',96,51,NULL,NULL,NULL,NULL,NULL,NULL,'https://access.redhat.com/containers/#/registry.access.redhat.com/ubi7/php-72','Lang');
INSERT INTO openshift_images VALUES(17,'Python_Linux',97,52,NULL,NULL,NULL,NULL,NULL,NULL,'https://access.redhat.com/containers/#/registry.access.redhat.com/rhel8/python-27','Lang(OS specific)');
INSERT INTO openshift_images VALUES(18,'rabbitmq',96,NULL,NULL,23,NULL,NULL,NULL,NULL,'https://access.redhat.com/containers/#/registry.connect.redhat.com/jfrog/xray-rabbitmq','App');
INSERT INTO openshift_images VALUES(19,'redis_Linux',97,NULL,NULL,24,NULL,NULL,NULL,NULL,'https://catalog.redhat.com/software/containers/rhscl/redis-5-rhel7/5c9922045a13464733ee0ecc','App(OS specific)');
INSERT INTO openshift_images VALUES(20,'ruby',97,53,NULL,NULL,NULL,NULL,NULL,NULL,'https://access.redhat.com/containers/#/registry.access.redhat.com/ubi8/ruby-26','Lang');
INSERT INTO openshift_images VALUES(21,'swift',97,55,NULL,NULL,NULL,NULL,NULL,NULL,'https://access.redhat.com/containers/#/registry.access.redhat.com/rhosp13/openstack-swift-base','Lang');
INSERT INTO openshift_images VALUES(22,'tomcat',97,40,NULL,NULL,29,NULL,NULL,NULL,'https://access.redhat.com/containers/#/registry.access.redhat.com/jboss-webserver-3/webserver31-tomcat8-openshift','App Server');
INSERT INTO openshift_images VALUES(23,'websphere-liberty',97,40,NULL,NULL,36,NULL,NULL,NULL,'https://catalog.redhat.com/software/containers/websphere-liberty/5d0298c9f5a0de52d547adf7','App Server');
INSERT INTO openshift_images VALUES(24,'ansible',97,NULL,NULL,1,NULL,NULL,NULL,NULL,'https://access.redhat.com/containers/#/registry.access.redhat.com/openshift3/ose-ansible','App');
INSERT INTO openshift_images VALUES(25,'hive',97,NULL,NULL,3,NULL,NULL,NULL,NULL,'https://access.redhat.com/containers/#/registry.connect.redhat.com/ubix/hive','App');
INSERT INTO openshift_images VALUES(26,'db2',96,NULL,NULL,6,NULL,NULL,NULL,NULL,'https://access.redhat.com/containers/#/cp.stg.icr.io/cp/ftm/base/ftm-db2-base','App');
INSERT INTO openshift_images VALUES(27,'mq',96,NULL,NULL,10,NULL,NULL,NULL,NULL,'https://access.redhat.com/containers/#/non_registry/ibm/ibm-mqadvanced-server','App');
INSERT INTO openshift_images VALUES(28,'websphere-traditional',97,40,NULL,NULL,35,NULL,NULL,NULL,'https://catalog.redhat.com/software/containers/r/ibmcom/websphere-traditional/5d77b2e4702c566f4cbf438b','App Server');
INSERT INTO openshift_images VALUES(29,'base',96,NULL,NULL,NULL,31,NULL,NULL,NULL,'https://catalog.redhat.com/software/containers/jboss-webserver-5/webserver54-openjdk11-tomcat9-openshift-rhel7/5ef60b00ef9e3e7db9f4c1e5','App Server');
INSERT INTO openshift_images VALUES(30,'wildfly',96,NULL,NULL,NULL,99,NULL,NULL,NULL,'https://catalog.redhat.com/software/containers/jboss-webserver-5/webserver54-openjdk11-tomcat9-openshift-rhel7/5ef60b00ef9e3e7db9f4c1e5','App Server');
INSERT INTO openshift_images VALUES(31,'nginx-proxy',96,NULL,NULL,NULL,33,NULL,NULL,NULL,'https://access.redhat.com/containers/#/registry.access.redhat.com/rhel8/nginx-116','App Server');
INSERT INTO openshift_images VALUES(32,'javascript-node.js',96,46,NULL,NULL,NULL,NULL,NULL,101,'https://access.redhat.com/containers/#/registry.access.redhat.com/ubi8/nodejs-10','Runtime');
INSERT INTO openshift_images VALUES(33,'objectivec-gcc',96,47,NULL,NULL,NULL,NULL,NULL,NULL,'https://access.redhat.com/containers/#/registry.access.redhat.com/rhel8/gcc-toolset-9-perftools','Lang');
INSERT INTO openshift_images VALUES(34,'nginx-ingress',96,NULL,NULL,12,NULL,NULL,NULL,NULL,'https://access.redhat.com/containers/#/registry.access.redhat.com/rhacm1-tech-preview/management-ingress-rhel7','App');
INSERT INTO openshift_images VALUES(35,'node-red-docker',96,NULL,NULL,27,NULL,NULL,NULL,NULL,'https://access.redhat.com/containers/#/registry.connect.redhat.com/ibm-edge/node-red','App');
INSERT INTO openshift_images VALUES(36,'sas',96,54,NULL,NULL,NULL,NULL,NULL,NULL,'https://access.redhat.com/containers/#/non_registry/ibm/sas-base','Lang');
INSERT INTO openshift_images VALUES(37,'activemq',96,NULL,NULL,2,NULL,NULL,NULL,NULL,'https://access.redhat.com/containers/#/registry.connect.redhat.com/tremolosecurity/activemq','App');
INSERT INTO openshift_images VALUES(38,'hadoop-docker',96,NULL,NULL,7,NULL,NULL,NULL,NULL,'https://access.redhat.com/containers/#/registry.access.redhat.com/openshift4/ose-metering-hadoop','App');
INSERT INTO openshift_images VALUES(39,'nexus3',96,NULL,NULL,20,NULL,NULL,NULL,NULL,'https://access.redhat.com/containers/#/registry.connect.redhat.com/sonatype/nexus-iq-server','App');
INSERT INTO openshift_images VALUES(40,'splunk',96,NULL,NULL,25,NULL,NULL,NULL,NULL,'https://access.redhat.com/containers/#/hub.docker.com/layers/splunk/splunk/7.3-redhat/images/sha256-55050c2097d994abc0e6d1c9f7fd0f0c2fb5f4019a9b1e094ffdf33a70a','App');
INSERT INTO openshift_images VALUES(41,'IBM Transformation Extender',96,NULL,NULL,11,NULL,NULL,NULL,NULL,'https://access.redhat.com/containers/#/registry.connect.redhat.com/ibm/transformation-advisor-operator','App');
INSERT INTO openshift_images VALUES(42,'openjdk_Linux',96,40,NULL,NULL,NULL,NULL,NULL,NULL,'https://access.redhat.com/containers/#/registry.access.redhat.com/ubi8/openjdk-11','Lang(OS specific)');
INSERT INTO openshift_images VALUES(43,'perl',96,48,NULL,NULL,NULL,NULL,NULL,NULL,'https://access.redhat.com/containers/#/registry.access.redhat.com/ubi8/perl-526','Lang');
INSERT INTO openshift_images VALUES(44,'postgres',96,NULL,NULL,22,NULL,NULL,NULL,NULL,'https://access.redhat.com/containers/#/registry.connect.redhat.com/ubix/postgres','App');
INSERT INTO openshift_images VALUES(45,'solr',96,NULL,NULL,5,NULL,NULL,NULL,NULL,'https://access.redhat.com/containers/#/cp.icr.io/cp/cpd/solr-ubi','App');
INSERT INTO openshift_images VALUES(46,'odm',96,NULL,NULL,9,NULL,NULL,NULL,NULL,'https://access.redhat.com/containers/#/registry.connect.redhat.com/ibm/odm-dbserver','App');
DELETE FROM sqlite_sequence;
INSERT INTO sqlite_sequence VALUES('entity_types',7);
INSERT INTO sqlite_sequence VALUES('entities',110);
INSERT INTO sqlite_sequence VALUES('entity_mentions',809);
INSERT INTO sqlite_sequence VALUES('entity_relations',84);
INSERT INTO sqlite_sequence VALUES('docker_baseos_images',1);
INSERT INTO sqlite_sequence VALUES('openshift_baseos_images',1);
INSERT INTO sqlite_sequence VALUES('docker_images',50);
INSERT INTO sqlite_sequence VALUES('openshift_images',46);
COMMIT;